timestamp,object_id,object_name,x,y,z,heading,pitch,bank,self_x,self_y,self_z,distance_3d
2025-09-07 00:17:01.575,16788224,E-3A,,,,,,,,,,836102.81
2025-09-07 00:17:01.882,16788224,E-3A,-307515.34545312,7246.7816493288,700575.95208885,5.8268362283707,0.0080536371096969,-9.4496564997826e-05,-307515.34545312,7246.7816493288,700575.95208885,74342.83
2025-09-07 00:17:02.188,16788224,E-3A,-307438.08563229,7243.9243900211,700538.73901365,5.8268346786499,0.0081981690600514,-9.2417314590421e-05,-307438.08563229,7243.9243900211,700538.73901365,74455.90
2025-09-07 00:17:02.494,16788224,E-3A,-307361.91434607,7241.1336841036,700502.0487443,5.8268332183361,0.0083303237333894,-9.529797534924e-05,-307361.91434607,7241.1336841036,700502.0487443,74568.20
2025-09-07 00:17:02.806,16788224,E-3A,-307287.33744377,7238.4261192168,700466.12502947,5.8268317878246,0.0084507400169969,-0.00010028280667029,-307287.33744377,7238.4261192168,700466.12502947,74680.98
2025-09-07 00:17:03.009,16788224,E-3A,-307209.6291592,7235.6302255709,700428.69143746,5.8268303871155,0.0085736848413944,-0.00010066290997202,-307209.6291592,7235.6302255709,700428.69143746,74771.60
2025-09-07 00:17:03.315,16788224,E-3A,-307157.98977726,7233.7862669292,700403.81491039,5.8268294632435,0.0086541315540671,-0.00010092189040734,-307157.98977726,7233.7862669292,700403.81491039,74870.87
2025-09-07 00:17:03.621,16788224,E-3A,-307081.53295706,7231.0760679755,700366.98173616,5.8268287479877,0.008749233558774,-0.00010083780216519,-307081.53295706,7231.0760679755,700366.98173616,74983.17
2025-09-07 00:17:03.824,16788224,E-3A,-307005.68514845,7228.4097615361,700330.44055218,5.8268278241158,0.0087946122512221,-0.00010283165465808,-307005.68514845,7228.4097615361,700330.44055218,75073.57
2025-09-07 00:17:04.132,16788224,E-3A,-306953.53754135,7226.5884283079,700305.31661107,5.8268276453018,0.0088082533329725,-0.00010329920769436,-306953.53754135,7226.5884283079,700305.31661107,75172.40
2025-09-07 00:17:04.439,16788224,E-3A,-306876.95346545,7223.929385735,700268.41837708,5.8268261551857,0.008821920491755,-0.00010323472088203,-306876.95346545,7223.929385735,700268.41837708,75285.86
2025-09-07 00:17:04.749,16788224,E-3A,-306799.47512435,7221.2566269358,700231.08789083,5.8268248140812,0.0088400477543473,-0.00010345838381909,-306799.47512435,7221.2566269358,700231.08789083,75400.38
2025-09-07 00:17:05.055,16788224,E-3A,-306721.35174336,7218.577786393,700193.44520943,5.8268238306046,0.0088628735393286,-0.00010295092943124,-306721.35174336,7218.577786393,700193.44520943,75514.92
2025-09-07 00:17:05.359,16788224,E-3A,-306644.85599688,7215.9694405737,700156.58543493,5.826822578907,0.0088833458721638,-0.00010310508514522,-306644.85599688,7215.9694405737,700156.58543493,75627.90
2025-09-07 00:17:05.668,16788224,E-3A,-306567.97335135,7213.3617139801,700119.53790462,5.8268211185932,0.0088982535526156,-0.00010545480472501,-306567.97335135,7213.3617139801,700119.53790462,75742.07
2025-09-07 00:17:05.868,16788224,E-3A,-306489.94300862,7210.7283850576,700081.93598824,5.8268202543259,0.0089084496721625,-0.00010703335283324,-306489.94300862,7210.7283850576,700081.93598824,75833.36
2025-09-07 00:17:06.175,16788224,E-3A,-306437.6780356,7208.9716923051,700056.74935816,5.8268198668957,0.008917398750782,-0.00010354029654991,-306437.6780356,7208.9716923051,700056.74935816,75932.62
2025-09-07 00:17:06.475,16788224,E-3A,-306360.94763275,7206.4026100182,700019.77170222,5.8268183469772,0.0089258151128888,-0.0001060705690179,-306360.94763275,7206.4026100182,700019.77170222,76045.12
2025-09-07 00:17:06.785,16788224,E-3A,-306284.59820297,7203.8574906044,699982.97639286,5.8268169164658,0.0089269671589136,-0.00010975969053106,-306284.59820297,7203.8574906044,699982.97639286,76159.47
2025-09-07 00:17:07.090,16788224,E-3A,-306205.82710403,7201.2426804551,699945.01270893,5.8268154859543,0.0089244721457362,-0.00010779568401631,-306205.82710403,7201.2426804551,699945.01270893,76274.45
2025-09-07 00:17:07.392,16788224,E-3A,-306127.43531463,7198.6509569314,699907.23055001,5.8268146812916,0.0089181559160352,-0.00010369827941759,-306127.43531463,7198.6509569314,699907.23055001,76388.82
2025-09-07 00:17:07.704,16788224,E-3A,-306049.17081559,7196.0732378866,699869.50848708,5.8268135786057,0.0089053697884083,-0.00010446256055729,-306049.17081559,7196.0732378866,699869.50848708,76504.98
2025-09-07 00:17:08.015,16788224,E-3A,-305970.26706953,7193.483689933,699831.47706967,5.8268121778965,0.0088890334591269,-0.00010350452794228,-305970.26706953,7193.483689933,699831.47706967,76621.59
2025-09-07 00:17:08.316,16788224,E-3A,-305890.97983545,7190.8902655465,699793.25956976,5.8268112838268,0.0088705634698272,-0.00010103978274856,-305890.97983545,7190.8902655465,699793.25956976,76736.72
2025-09-07 00:17:08.622,16788224,E-3A,-305812.08092039,7188.3176273879,699755.22802996,5.8268103599548,0.0088479891419411,-9.8472708486952e-05,-305812.08092039,7188.3176273879,699755.22802996,76851.90
2025-09-07 00:17:08.932,16788224,E-3A,-305734.08921984,7185.7819357719,699717.63262264,5.8268095850945,0.0088228229433298,-9.7093339718413e-05,-305734.08921984,7185.7819357719,699717.63262264,76968.18
2025-09-07 00:17:09.232,16788224,E-3A,-305654.68599998,7183.2074398917,699679.35559684,5.8268081247807,0.0087988367304206,-9.7466101578902e-05,-305654.68599998,7183.2074398917,699679.35559684,77082.91
2025-09-07 00:17:09.536,16788224,E-3A,-305576.95186059,7180.6943812782,699641.88186614,5.8268065750599,0.0088025741279125,-9.7445263236295e-05,-305576.95186059,7180.6943812782,699641.88186614,77197.37
2025-09-07 00:17:09.838,16788224,E-3A,-305498.7766656,7178.1770964066,699604.19379384,5.8268055319786,0.0088417325168848,-9.6528492576908e-05,-305498.7766656,7178.1770964066,699604.19379384,77311.95
2025-09-07 00:17:10.149,16788224,E-3A,-305419.84440046,7175.649312362,699566.13852032,5.826804369688,0.0088652074337006,-9.7425872809254e-05,-305419.84440046,7175.649312362,699566.13852032,77429.27
2025-09-07 00:17:10.452,16788224,E-3A,-305339.05429167,7173.0793330518,699527.18478428,5.8268038928509,0.0088296420872211,-9.7569623903837e-05,-305339.05429167,7173.0793330518,699527.18478428,77545.78
2025-09-07 00:17:10.763,16788224,E-3A,-305258.70064486,7170.5414823611,699488.43836437,5.8268039822578,0.0087176701053977,-9.5672236056998e-05,-305258.70064486,7170.5414823611,699488.43836437,77663.65
2025-09-07 00:17:11.074,16788224,E-3A,-305178.2339972,7168.0165866955,699449.6340988,5.8268046081066,0.0085106091573834,-9.2527108790819e-05,-305178.2339972,7168.0165866955,699449.6340988,77781.89
2025-09-07 00:17:11.379,16788224,E-3A,-305096.04942301,7165.4504136563,699409.99781012,5.8268055915833,0.0082086529582739,-8.6026135249995e-05,-305096.04942301,7165.4504136563,699409.99781012,77900.11
2025-09-07 00:17:11.687,16788224,E-3A,-305014.77839213,7162.9192939454,699370.79853887,5.8268060982227,0.0078425351530313,-7.7504373621196e-05,-305014.77839213,7162.9192939454,699370.79853887,78018.30
2025-09-07 00:17:11.995,16788224,E-3A,-304932.56135664,7160.3584821012,699331.14042805,5.8272662162781,0.0076220510527492,0.012932278215885,-304932.56135664,7160.3584821012,699331.14042805,78136.90
2025-09-07 00:17:12.303,16788224,E-3A,-304850.18818313,7157.7911792788,699291.42237901,5.8302183449268,0.0075571527704597,0.093467332422733,-304850.18818313,7157.7911792788,699291.42237901,78256.09
2025-09-07 00:17:12.614,16788224,E-3A,-304765.47146943,7155.1470678557,699250.65841117,5.8336683213711,0.0059141414240003,0.18071807920933,-304765.47146943,7155.1470678557,699250.65841117,78377.13
2025-09-07 00:17:12.922,16788224,E-3A,-304681.34053045,7152.4816028676,699210.33894003,5.8374636471272,0.004399067722261,0.24448674917221,-304681.34053045,7152.4816028676,699210.33894003,78497.28
2025-09-07 00:17:13.225,16788224,E-3A,-304597.79083943,7149.7700310489,699170.52316529,5.844440639019,0.0031471529509872,0.36397007107735,-304597.79083943,7149.7700310489,699170.52316529,78615.36
2025-09-07 00:17:13.532,16788224,E-3A,-304513.4281207,7146.9503870137,699130.67571581,5.8584330677986,-0.0022795519325882,0.68651008605957,-304513.4281207,7146.9503870137,699130.67571581,78734.53
2025-09-07 00:17:13.844,16788224,E-3A,-304428.70842665,7143.9282853398,699091.25219661,5.8703026771545,-0.014145920053124,1.0178915262222,-304428.70842665,7143.9282853398,699091.25219661,78854.75
2025-09-07 00:17:14.152,16788224,E-3A,-304343.29241609,7140.4713693984,699052.26030302,5.8834761977196,-0.022030839696527,1.1705766916275,-304343.29241609,7140.4713693984,699052.26030302,78973.82
2025-09-07 00:17:14.457,16788224,E-3A,-304255.12738479,7136.4016600622,699013.02155143,5.9093493819237,-0.024454006925225,1.2106221914291,-304255.12738479,7136.4016600622,699013.02155143,79093.16
2025-09-07 00:17:14.763,16788224,E-3A,-304167.99118391,7132.013945295,698975.74319515,5.9430977404118,-0.023495199158788,1.2177782058716,-304167.99118391,7132.013945295,698975.74319515,79210.49
2025-09-07 00:17:15.079,16788224,E-3A,-304079.46641525,7127.3835398526,698939.96087614,5.9756342768669,-0.021238731220365,1.2190043926239,-304079.46641525,7127.3835398526,698939.96087614,79328.62
2025-09-07 00:17:15.385,16788224,E-3A,-303989.17025369,7122.6299295788,698905.97961316,6.0074077248573,-0.018871592357755,1.2193864583969,-303989.17025369,7122.6299295788,698905.97961316,79442.62
2025-09-07 00:17:15.587,16788224,E-3A,-303899.45257146,7117.9705403431,698874.90874149,6.0434588193893,-0.015220261178911,1.2208834886551,-303899.45257146,7117.9705403431,698874.90874149,79531.88
2025-09-07 00:17:15.892,16788224,E-3A,-303837.78881169,7114.8639618719,698855.2410999,6.0745049715042,-0.010637915693223,1.2219898700714,-303837.78881169,7114.8639618719,698855.2410999,79628.41
2025-09-07 00:17:16.201,16788224,E-3A,-303744.58727109,7110.4427932374,698828.42469338,6.121113345027,-0.0032128894235939,1.2225130796432,-303744.58727109,7110.4427932374,698828.42469338,79737.27
2025-09-07 00:17:16.505,16788224,E-3A,-303650.85725025,7106.4498153279,698805.26139999,6.1668537333608,0.0040903207845986,1.2220339775085,-303650.85725025,7106.4498153279,698805.26139999,79841.76
2025-09-07 00:17:16.817,16788224,E-3A,-303554.87773338,7102.9164369472,698785.65319899,6.213242828846,0.011482679285109,1.2215441465378,-303554.87773338,7102.9164369472,698785.65319899,79944.25
2025-09-07 00:17:17.124,16788224,E-3A,-303459.28971106,7100.0040448199,698770.32376087,6.2591919153929,0.018929477781057,1.2214167118073,-303459.28971106,7100.0040448199,698770.32376087,80042.07
2025-09-07 00:17:17.335,16788224,E-3A,-303361.1558186,7097.6801494418,698758.99061782,0.024888038635254,0.027300909161568,1.221688747406,-303361.1558186,7097.6801494418,698758.99061782,80114.76
2025-09-07 00:17:17.646,16788224,E-3A,-303294.5165086,7096.5085050298,698753.87774576,0.05904483795166,0.03338709846139,1.2221132516861,-303294.5165086,7096.5085050298,698753.87774576,80198.76
2025-09-07 00:17:17.946,16788224,E-3A,-303197.98063782,7095.4347715496,698750.27154396,0.1134181022644,0.04372188821435,1.2247262001038,-303197.98063782,7095.4347715496,698750.27154396,80283.75
2025-09-07 00:17:18.252,16788224,E-3A,-303101.1354031,7095.1656280138,698751.38493127,0.17241477966309,0.053338058292866,1.241864323616,-303101.1354031,7095.1656280138,698751.38493127,80365.53
2025-09-07 00:17:18.565,16788224,E-3A,-303004.31456628,7095.7263933912,698757.5489129,0.23437929153442,0.057911895215511,1.2827498912811,-303004.31456628,7095.7263933912,698757.5489129,80443.04
2025-09-07 00:17:18.871,16788224,E-3A,-302906.95514938,7096.9968233965,698769.19660264,0.30038022994995,0.053405672311783,1.3587173223495,-302906.95514938,7096.9968233965,698769.19660264,80514.63
2025-09-07 00:17:19.175,16788224,E-3A,-302813.48516038,7098.5523705249,698785.9005458,0.36583805084229,0.037793349474669,1.4597960710526,-302813.48516038,7098.5523705249,698785.9005458,80580.05
2025-09-07 00:17:19.481,16788224,E-3A,-302721.15572049,7099.877644871,698808.13267777,0.43422603607178,0.010518252849579,1.5842373371124,-302721.15572049,7099.877644871,698808.13267777,80640.38
2025-09-07 00:17:19.787,16788224,E-3A,-302629.82609381,7100.2389198728,698836.23781997,0.50509977340698,-0.031086161732674,1.7255862951279,-302629.82609381,7100.2389198728,698836.23781997,80694.88
2025-09-07 00:17:20.092,16788224,E-3A,-302539.18838788,7098.6798011406,698870.71340164,0.57681131362915,-0.085542000830173,1.8579348325729,-302539.18838788,7098.6798011406,698870.71340164,80743.15
2025-09-07 00:17:20.399,16788224,E-3A,-302453.53548305,7094.3818956275,698909.91371921,0.64783239364624,-0.14494317770004,1.9605810642242,-302453.53548305,7094.3818956275,698909.91371921,80786.39
2025-09-07 00:17:20.711,16788224,E-3A,-302372.13262334,7086.6848493348,698953.78207135,0.7179594039917,-0.20885144174099,2.0403804779053,-302372.13262334,7086.6848493348,698953.78207135,80825.45
2025-09-07 00:17:21.023,16788224,E-3A,-302291.85761644,7074.4760396664,699004.12057807,0.78825235366821,-0.2764904499054,2.0987873077393,-302291.85761644,7074.4760396664,699004.12057807,80858.41
2025-09-07 00:17:21.328,16788224,E-3A,-302216.72893219,7057.6337678376,699058.4819859,0.85866069793701,-0.34684166312218,2.1457459926605,-302216.72893219,7057.6337678376,699058.4819859,80885.49
2025-09-07 00:17:21.640,16788224,E-3A,-302147.76465714,7036.166577819,699115.55430895,0.92654323577881,-0.41941222548485,2.1880443096161,-302147.76465714,7036.166577819,699115.55430895,80910.49
2025-09-07 00:17:21.946,16788224,E-3A,-302082.10289309,7008.6628336109,699177.45779343,0.99422788619995,-0.49714607000351,2.2290232181549,-302082.10289309,7008.6628336109,699177.45779343,80929.14
2025-09-07 00:17:22.157,16788224,E-3A,-302024.20027978,6976.7025322374,699239.46232962,1.059145450592,-0.57583636045456,2.2670834064484,-302024.20027978,6976.7025322374,699239.46232962,80925.31
2025-09-07 00:17:22.468,16788224,E-3A,-301988.47205935,6952.1926980736,699281.92001365,1.1025986671448,-0.63070648908615,2.2928121089935,-301988.47205935,6952.1926980736,699281.92001365,80959.59
2025-09-07 00:17:22.779,16788224,E-3A,-301939.56164478,6910.6245528581,699346.4489329,1.164589881897,-0.71183097362518,2.3297634124756,-301939.56164478,6910.6245528581,699346.4489329,80974.72
2025-09-07 00:17:23.086,16788224,E-3A,-301896.46571063,6863.2844361691,699411.0931313,1.2290954589844,-0.79758900403976,2.3654224872589,-301896.46571063,6863.2844361691,699411.0931313,80988.17
2025-09-07 00:17:23.399,16788224,E-3A,-301859.66166784,6810.9058550622,699474.12156515,1.2930660247803,-0.88119220733643,2.3950741291046,-301859.66166784,6810.9058550622,699474.12156515,81003.33
2025-09-07 00:17:23.608,16788224,E-3A,-301828.72609412,6753.3865117003,699535.06363446,1.3626866340637,-0.96692299842834,2.4169979095459,-301828.72609412,6753.3865117003,699535.06363446,80997.60
2025-09-07 00:17:23.924,16788224,E-3A,-301811.05725905,6711.76923318,699574.6082955,1.4136590957642,-1.0245208740234,2.4253118038177,-301811.05725905,6711.76923318,699574.6082955,81032.61
2025-09-07 00:17:24.130,16788224,E-3A,-301789.41525467,6646.0408024449,699630.36890937,1.4992632865906,-1.1094977855682,2.424732208252,-301789.41525467,6646.0408024449,699630.36890937,81030.66
2025-09-07 00:17:24.443,16788224,E-3A,-301777.82097753,6599.3417367736,699665.55333037,1.5669674873352,-1.1658799648285,2.4123122692108,-301777.82097753,6599.3417367736,699665.55333037,81069.01
2025-09-07 00:17:24.755,16788224,E-3A,-301764.79452346,6526.8597281233,699713.6724221,1.6940302848816,-1.2473213672638,2.3636758327484,-301764.79452346,6526.8597281233,699713.6724221,81096.00
2025-09-07 00:17:25.065,16788224,E-3A,-301756.38630816,6450.8249848983,699756.47730582,1.8807945251465,-1.3236149549484,2.2505915164948,-301756.38630816,6450.8249848983,699756.47730582,81127.91
2025-09-07 00:17:25.372,16788224,E-3A,-301752.22661136,6372.5191100269,699793.09475526,2.1812753677368,-1.3873293399811,2.0179166793823,-301752.22661136,6372.5191100269,699793.09475526,81164.26
2025-09-07 00:17:25.682,16788224,E-3A,-301751.82841417,6290.9536488563,699823.77575139,2.6862173080444,-1.4270731210709,1.5821999311447,-301751.82841417,6290.9536488563,699823.77575139,81206.96
2025-09-07 00:17:25.994,16788224,E-3A,-301754.79972583,6207.1683327362,699847.82322282,3.3190612792969,-1.4253129959106,1.0296038389206,-301754.79972583,6207.1683327362,699847.82322282,81255.81
2025-09-07 00:17:26.295,16788224,E-3A,-301760.42550115,6123.9126015478,699864.49685813,3.7753808498383,-1.3835060596466,0.64535909891129,-301760.42550115,6123.9126015478,699864.49685813,81309.32
2025-09-07 00:17:26.600,16788224,E-3A,-301768.09409302,6040.9625924589,699874.14516611,4.0276374816895,-1.3238700628281,0.45195293426514,-301768.09409302,6040.9625924589,699874.14516611,81370.59
2025-09-07 00:17:26.902,16788224,E-3A,-301777.57665958,5956.3566443242,699876.95876139,4.1899311542511,-1.2552540302277,0.34898439049721,-301777.57665958,5956.3566443242,699876.95876139,81437.13
2025-09-07 00:17:27.210,16788224,E-3A,-301788.0817539,5873.6439799949,699872.85444801,4.3005967140198,-1.1854695081711,0.29463467001915,-301788.0817539,5873.6439799949,699872.85444801,81512.52
2025-09-07 00:17:27.516,16788224,E-3A,-301799.93968738,5787.5778340219,699861.28148425,4.3799951076508,-1.1129531860352,0.26141732931137,-301799.93968738,5787.5778340219,699861.28148425,81594.41
2025-09-07 00:17:27.826,16788224,E-3A,-301811.74710574,5706.2750555238,699843.37139446,4.4298481941223,-1.0475289821625,0.23914076387882,-301811.74710574,5706.2750555238,699843.37139446,81683.50
2025-09-07 00:17:28.034,16788224,E-3A,-301824.06984589,5624.4569662722,699818.32928674,4.4648871421814,-0.98131233453751,0.2182781547308,-301824.06984589,5624.4569662722,699818.32928674,81756.31
2025-09-07 00:17:28.340,16788224,E-3A,-301832.30289598,5571.1814630843,699798.12221015,4.4833908081055,-0.93781334161758,0.20586843788624,-301832.30289598,5571.1814630843,699798.12221015,81845.53
2025-09-07 00:17:28.644,16788224,E-3A,-301844.53028524,5493.9143468137,699763.07091432,4.5065536499023,-0.872767329216,0.18840323388577,-301844.53028524,5493.9143468137,699763.07091432,81950.31
2025-09-07 00:17:28.951,16788224,E-3A,-301856.85679439,5418.2121385516,699721.69520192,4.5250798463821,-0.8105474114418,0.17350472509861,-301856.85679439,5418.2121385516,699721.69520192,82061.29
2025-09-07 00:17:29.256,16788224,E-3A,-301868.71953074,5347.4390102459,699676.22994087,4.5394911766052,-0.75548952817917,0.16200658679008,-301868.71953074,5347.4390102459,699676.22994087,82175.93
2025-09-07 00:17:29.556,16788224,E-3A,-301880.5941032,5278.643072635,699625.2633179,4.5518079996109,-0.70346736907959,0.15253832936287,-301880.5941032,5278.643072635,699625.2633179,82294.82
2025-09-07 00:17:29.868,16788224,E-3A,-301892.33446975,5212.6384505746,699569.57080757,4.5624895095825,-0.65421909093857,0.14471766352654,-301892.33446975,5212.6384505746,699569.57080757,82420.95
2025-09-07 00:17:30.175,16788224,E-3A,-301903.88145821,5149.687702815,699509.66404876,4.5720725059509,-0.60642808675766,0.13804782927036,-301903.88145821,5149.687702815,699509.66404876,82549.80
2025-09-07 00:17:30.474,16788224,E-3A,-301915.21814179,5089.8197401048,699445.84090558,4.5804971456528,-0.56170642375946,0.13247457146645,-301915.21814179,5089.8197401048,699445.84090558,82681.07
2025-09-07 00:17:30.780,16788224,E-3A,-301926.11658216,5034.0974853655,699379.75714608,4.5866521596909,-0.52917265892029,0.12850666046143,-301926.11658216,5034.0974853655,699379.75714608,82815.76
2025-09-07 00:17:31.087,16788224,E-3A,-301937.02464651,4979.9791164441,699309.17186373,4.5899125337601,-0.51640504598618,0.12647373974323,-301937.02464651,4979.9791164441,699309.17186373,82955.05
2025-09-07 00:17:31.391,16788224,E-3A,-301947.94059813,4927.0621886284,699234.70944328,4.5919415950775,-0.51175671815872,0.12545588612556,-301947.94059813,4927.0621886284,699234.70944328,83097.68
2025-09-07 00:17:31.702,16788224,E-3A,-301958.38731613,4877.1634594524,699160.50701938,4.5938494205475,-0.50655835866928,0.12454652786255,-301958.38731613,4877.1634594524,699160.50701938,83241.30
2025-09-07 00:17:32.007,16788224,E-3A,-301969.09079634,4826.4972213657,699081.96745326,4.5960836410522,-0.49841049313545,0.12336641550064,-301969.09079634,4826.4972213657,699081.96745326,83387.90
2025-09-07 00:17:32.313,16788224,E-3A,-301979.51277147,4777.4679943557,699003.26951851,4.5987884998322,-0.48692721128464,0.12188834697008,-301979.51277147,4777.4679943557,699003.26951851,83534.64
2025-09-07 00:17:32.619,16788224,E-3A,-301989.86156466,4729.0456422927,698922.98698664,4.6017085313797,-0.47374233603477,0.12032207846642,-301989.86156466,4729.0456422927,698922.98698664,83683.16
2025-09-07 00:17:32.926,16788224,E-3A,-302000.29882838,4680.4957914957,698839.78808658,4.6049091815948,-0.45800071954727,0.11865140497684,-302000.29882838,4680.4957914957,698839.78808658,83834.58
2025-09-07 00:17:33.231,16788224,E-3A,-302010.44397579,4633.6404013137,698756.62781945,4.6079032421112,-0.44303557276726,0.11709646880627,-302010.44397579,4633.6404013137,698756.62781945,83986.15
2025-09-07 00:17:33.532,16788224,E-3A,-302020.52414495,4587.454041133,698671.643629,4.6104652881622,-0.43140670657158,0.11579590290785,-302020.52414495,4587.454041133,698671.643629,84138.18
2025-09-07 00:17:33.838,16788224,E-3A,-302030.379075,4542.598468904,698586.33547391,4.6121217012405,-0.42675882577896,0.11499650031328,-302030.379075,4542.598468904,698586.33547391,84291.39
2025-09-07 00:17:34.145,16788224,E-3A,-302040.28973368,4497.6078540684,698498.59780816,4.6133494377136,-0.42528906464577,0.11445995420218,-302040.28973368,4497.6078540684,698498.59780816,84447.47
2025-09-07 00:17:34.450,16788224,E-3A,-302050.24267776,4452.353105228,698408.83267772,4.6145640611649,-0.42362028360367,0.11390629410744,-302050.24267776,4452.353105228,698408.83267772,84605.36
2025-09-07 00:17:34.750,16788224,E-3A,-302060.0582344,4407.527706278,698318.89083925,4.6157615184784,-0.42179095745087,0.11332852393389,-302060.0582344,4407.527706278,698318.89083925,84762.11
2025-09-07 00:17:35.059,16788224,E-3A,-302069.84182942,4362.5763977252,698227.96525053,4.6169568300247,-0.42012500762939,0.11275348812342,-302069.84182942,4362.5763977252,698227.96525053,84921.21
2025-09-07 00:17:35.359,16788224,E-3A,-302079.53539842,4317.7135134838,698136.70652245,4.6181275844574,-0.4184638261795,0.11219079047441,-302079.53539842,4317.7135134838,698136.70652245,85079.78
2025-09-07 00:17:35.660,16788224,E-3A,-302089.11038391,4273.0501282791,698045.46449172,4.6194369792938,-0.41529715061188,0.11155568063259,-302089.11038391,4273.0501282791,698045.46449172,85238.36
2025-09-07 00:17:35.871,16788224,E-3A,-302098.88287216,4227.1229424679,697951.17236967,4.6205183267593,-0.41144695878029,0.10425642132759,-302098.88287216,4227.1229424679,697951.17236967,85379.80
2025-09-07 00:17:36.182,16788224,E-3A,-302105.58572559,4195.4579701813,697885.81604369,4.6201409101486,-0.407873660326,0.075155928730965,-302105.58572559,4195.4579701813,697885.81604369,85514.47
2025-09-07 00:17:36.483,16788224,E-3A,-302115.312243,4149.4806962769,697790.20767144,4.6194868087769,-0.40043088793755,0.030411634594202,-302115.312243,4149.4806962769,697790.20767144,85677.05
2025-09-07 00:17:36.789,16788224,E-3A,-302124.89389936,4104.5254531881,697695.45711763,4.6196155548096,-0.389518648386,0.019287921488285,-302124.89389936,4104.5254531881,697695.45711763,85840.10
2025-09-07 00:17:37.095,16788224,E-3A,-302134.73827664,4059.0974029971,697597.6648019,4.6199048757553,-0.37545356154442,0.021314917132258,-302134.73827664,4059.0974029971,697597.6648019,86006.16
2025-09-07 00:17:37.301,16788224,E-3A,-302144.81592827,4013.7166194887,697496.97207477,4.6221904754639,-0.35925689339638,0.047035478055477,-302144.81592827,4013.7166194887,697496.97207477,86152.84
2025-09-07 00:17:37.606,16788224,E-3A,-302151.34379368,3984.9585358817,697431.15204508,4.6238089799881,-0.34894099831581,0.060586176812649,-302151.34379368,3984.9585358817,697431.15204508,86286.76
2025-09-07 00:17:37.909,16788224,E-3A,-302161.26001414,3942.2145584451,697329.79097285,4.6257829666138,-0.32995626330376,0.066208936274052,-302161.26001414,3942.2145584451,697329.79097285,86455.54
2025-09-07 00:17:38.215,16788224,E-3A,-302171.05784125,3901.2595895276,697227.65700603,4.6279171705246,-0.30808797478676,0.066632993519306,-302171.05784125,3901.2595895276,697227.65700603,86625.67
2025-09-07 00:17:38.527,16788224,E-3A,-302181.00344283,3861.2459122,697121.6463157,4.6300357580185,-0.28470775485039,0.065356485545635,-302181.00344283,3861.2459122,697121.6463157,86800.88
2025-09-07 00:17:38.829,16788224,E-3A,-302190.69788268,3823.9861858676,697015.83251953,4.6319686174393,-0.26126626133919,0.063165962696075,-302190.69788268,3823.9861858676,697015.83251953,86973.09
2025-09-07 00:17:39.137,16788224,E-3A,-302200.13850774,3789.5511693983,696910.31987882,4.633616566658,-0.23827420175076,0.058489140123129,-302200.13850774,3789.5511693983,696910.31987882,87146.64
2025-09-07 00:17:39.440,16788224,E-3A,-302209.67729854,3756.8022759624,696801.30320125,4.6343051195145,-0.21534122526646,0.044034358114004,-302209.67729854,3756.8022759624,696801.30320125,87321.98
2025-09-07 00:17:39.747,16788224,E-3A,-302219.13380994,3726.5992917798,696691.31057222,4.6346155405045,-0.19217221438885,0.030367588624358,-302219.13380994,3726.5992917798,696691.31057222,87500.34
2025-09-07 00:17:40.054,16788224,E-3A,-302228.76210366,3698.3740500607,696577.87401747,4.6353734731674,-0.16783431172371,0.026737201958895,-302228.76210366,3698.3740500607,696577.87401747,87681.05
2025-09-07 00:17:40.365,16788224,E-3A,-302238.19945735,3673.2941121026,696465.43325636,4.6360961198807,-0.14403156936169,0.025663578882813,-302238.19945735,3673.2941121026,696465.43325636,87861.27
2025-09-07 00:17:40.667,16788224,E-3A,-302247.62839631,3650.837632906,696351.90106235,4.636820435524,-0.12150549143553,0.025113081559539,-302247.62839631,3650.837632906,696351.90106235,88040.61
2025-09-07 00:17:40.968,16788224,E-3A,-302256.89099882,3631.2812456029,696239.24629816,4.6375104188919,-0.10027456283569,0.024746052920818,-302256.89099882,3631.2812456029,696239.24629816,88218.92
2025-09-07 00:17:41.276,16788224,E-3A,-302266.26010967,3613.9822045343,696124.19109047,4.6381849050522,-0.078844182193279,0.024414423853159,-302266.26010967,3613.9822045343,696124.19109047,88400.75
2025-09-07 00:17:41.577,16788224,E-3A,-302275.6082853,3599.1896841394,696008.30741927,4.6388528347015,-0.057515870779753,0.02409914508462,-302275.6082853,3599.1896841394,696008.30741927,88581.46
2025-09-07 00:17:41.885,16788224,E-3A,-302284.86997227,3586.9666705974,695892.43990899,4.6395089626312,-0.036299411207438,0.023804176598787,-302284.86997227,3586.9666705974,695892.43990899,88763.78
2025-09-07 00:17:42.186,16788224,E-3A,-302294.19330289,3577.1214058747,695774.7486108,4.6401518583298,-0.015227068215609,0.023523934185505,-302294.19330289,3577.1214058747,695774.7486108,88946.38
2025-09-07 00:17:42.497,16788224,E-3A,-302303.48182894,3569.7884242219,695656.45233837,4.6407842636108,0.0057019870728254,0.023258937522769,-302303.48182894,3569.7884242219,695656.45233837,89131.42
2025-09-07 00:17:42.812,16788224,E-3A,-302312.88183103,3564.9090456412,695535.6797523,4.6414053440094,0.02643609046936,0.023008145391941,-302312.88183103,3564.9090456412,695535.6797523,89319.40
2025-09-07 00:17:43.122,16788224,E-3A,-302322.35657298,3562.6105914251,695412.87361606,4.6420403718948,0.04786653444171,0.022764870896935,-302322.35657298,3562.6105914251,695412.87361606,89508.52
2025-09-07 00:17:43.435,16788224,E-3A,-302331.60123174,3562.9361215759,695292.01306069,4.6426422595978,0.068360678851604,0.022542798891664,-302331.60123174,3562.9361215759,695292.01306069,89696.03
2025-09-07 00:17:43.735,16788224,E-3A,-302340.79230393,3565.8157443717,695170.83670006,4.6432468891144,0.089072003960609,0.022330643609166,-302340.79230393,3565.8157443717,695170.83670006,89880.80
2025-09-07 00:17:44.037,16788224,E-3A,-302349.66051699,3571.0451064981,695052.95598888,4.6438192129135,0.10879851877689,0.022140517830849,-302349.66051699,3571.0451064981,695052.95598888,90062.65
2025-09-07 00:17:44.343,16788224,E-3A,-302358.52923153,3578.720094072,694934.12302398,4.6443852186203,0.12847253680229,0.021960608661175,-302358.52923153,3578.720094072,694934.12302398,90246.18
2025-09-07 00:17:44.649,16788224,E-3A,-302367.62583771,3589.1824432586,694811.24957814,4.6449692249298,0.14889459311962,0.021785572171211,-302367.62583771,3589.1824432586,694811.24957814,90433.48
2025-09-07 00:17:44.961,16788224,E-3A,-302376.44978019,3601.8930559107,694691.09774883,4.6455379724503,0.16889807581902,0.021625293418765,-302376.44978019,3601.8930559107,694691.09774883,90619.10
2025-09-07 00:17:45.266,16788224,E-3A,-302385.25914406,3617.1609857355,694570.1914905,4.64610850811,0.18886367976665,0.021556356921792,-302385.25914406,3617.1609857355,694570.1914905,90804.19
2025-09-07 00:17:45.567,16788224,E-3A,-302393.93500147,3634.7823505868,694450.17331868,4.6466883420944,0.20872214436531,0.021669931709766,-302393.93500147,3634.7823505868,694450.17331868,90987.17
2025-09-07 00:17:45.879,16788224,E-3A,-302402.55761332,3654.9053128869,694329.92734188,4.6475170850754,0.22817075252533,0.025319954380393,-302402.55761332,3654.9053128869,694329.92734188,91172.46
2025-09-07 00:17:46.190,16788224,E-3A,-302411.22122831,3677.8304923323,694207.94657844,4.6488684415817,0.24744939804077,0.03530752658844,-302411.22122831,3677.8304923323,694207.94657844,91359.28
2025-09-07 00:17:46.496,16788224,E-3A,-302419.63995624,3702.8579815213,694087.81463246,4.6509273052216,0.26620438694954,0.052382349967957,-302419.63995624,3702.8579815213,694087.81463246,91543.07
2025-09-07 00:17:46.801,16788224,E-3A,-302427.81895974,3730.0428391943,693968.79128364,4.6532766819,0.28460422158241,0.067885637283325,-302427.81895974,3730.0428391943,693968.79128364,91725.91
2025-09-07 00:17:47.012,16788224,E-3A,-302435.92335386,3760.0904004704,693847.80655191,4.6552459001541,0.30239871144295,0.07191513478756,-302435.92335386,3760.0904004704,693847.80655191,91889.16
2025-09-07 00:17:47.327,16788224,E-3A,-302441.25395204,3781.6708518838,693766.34912928,4.6565973758698,0.31484991312027,0.072806276381016,-302441.25395204,3781.6708518838,693766.34912928,92037.07
2025-09-07 00:17:47.635,16788224,E-3A,-302449.05305265,3816.1040442256,693644.18249731,4.6586934328079,0.33505269885063,0.073489546775818,-302449.05305265,3816.1040442256,693644.18249731,92222.87
2025-09-07 00:17:47.941,16788224,E-3A,-302456.36241757,3851.884208305,693526.0478396,4.6608762741089,0.35625755786896,0.07397672533989,-302456.36241757,3851.884208305,693526.0478396,92404.26
2025-09-07 00:17:48.246,16788224,E-3A,-302463.37206047,3889.9190142875,693408.94209781,4.6631606817245,0.37852597236633,0.074489057064056,-302463.37206047,3889.9190142875,693408.94209781,92584.57
2025-09-07 00:17:48.547,16788224,E-3A,-302469.98268575,3929.7509696324,693294.4935978,4.6655414104462,0.40181142091751,0.075061582028866,-302469.98268575,3929.7509696324,693294.4935978,92761.10
2025-09-07 00:17:48.859,16788224,E-3A,-302476.31437225,3972.2457886414,693180.53790342,4.6680916547775,0.42671090364456,0.07572939991951,-302476.31437225,3972.2457886414,693180.53790342,92939.28
2025-09-07 00:17:49.163,16788224,E-3A,-302482.49976773,4018.790756974,693064.25680585,4.6709040403366,0.45390340685844,0.076531544327736,-302482.49976773,4018.790756974,693064.25680585,93117.33
2025-09-07 00:17:49.365,16788224,E-3A,-302488.12548571,4066.4831789134,692953.27824766,4.6738764047623,0.48255598545074,0.077460221946239,-302488.12548571,4066.4831789134,692953.27824766,93268.81
2025-09-07 00:17:49.675,16788224,E-3A,-302491.76478471,4100.7338101081,692878.21761619,4.6761934757233,0.50473022460938,0.0782181173563,-302491.76478471,4100.7338101081,692878.21761619,93409.34
2025-09-07 00:17:49.983,16788224,E-3A,-302496.97219241,4155.8258126745,692765.0457646,4.6799418926239,0.5400630235672,0.079571403563023,-302496.97219241,4155.8258126745,692765.0457646,93585.60
2025-09-07 00:17:50.289,16788224,E-3A,-302501.61340265,4212.9218985198,692656.677748,4.6837908029556,0.57515615224838,0.081056714057922,-302501.61340265,4212.9218985198,692656.677748,93756.89
2025-09-07 00:17:50.499,16788224,E-3A,-302505.90033937,4274.8966831683,692548.02055064,4.6870806217194,0.61137747764587,0.074993774294853,-302505.90033937,4274.8966831683,692548.02055064,93906.66
2025-09-07 00:17:50.807,16788224,E-3A,-302508.53512655,4318.6502348725,692476.2485323,4.6875507831573,0.63568192720413,0.057129878550768,-302508.53512655,4318.6502348725,692476.2485323,94042.75
2025-09-07 00:17:51.109,16788224,E-3A,-302512.10073666,4385.312140129,692373.76781661,4.6862224340439,0.67146182060242,0.023689890280366,-302512.10073666,4385.312140129,692373.76781661,94207.50
2025-09-07 00:17:51.422,16788224,E-3A,-302515.45881518,4455.1386971647,692274.26329448,4.6858195066452,0.70842581987381,0.010243577882648,-302515.45881518,4455.1386971647,692274.26329448,94370.56
2025-09-07 00:17:51.727,16788224,E-3A,-302518.69944395,4528.5383602551,692177.27542917,4.6860084533691,0.74567967653275,0.0071366559714079,-302518.69944395,4528.5383602551,692177.27542917,94529.89
2025-09-07 00:17:52.032,16788224,E-3A,-302521.82694393,4605.1933167585,692083.29114179,4.6862087249756,0.77796560525894,0.0061525958590209,-302521.82694393,4605.1933167585,692083.29114179,94685.94
2025-09-07 00:17:52.333,16788224,E-3A,-302524.84172617,4684.525529337,691992.51488939,4.6865187883377,0.79619485139847,0.0058722435496747,-302524.84172617,4684.525529337,691992.51488939,94837.64
2025-09-07 00:17:52.645,16788224,E-3A,-302527.78298645,4766.3873175873,691903.81966306,4.686758518219,0.80579751729965,0.0059224478900433,-302527.78298645,4766.3873175873,691903.81966306,94990.14
2025-09-07 00:17:52.952,16788224,E-3A,-302530.70847622,4851.2205788124,691815.47945793,4.6868908405304,0.81386965513229,0.0059127984568477,-302530.70847622,4851.2205788124,691815.47945793,95140.44
2025-09-07 00:17:53.251,16788224,E-3A,-302533.50269619,4934.7260656667,691731.01230739,4.6870675086975,0.82058972120285,0.0059267110191286,-302533.50269619,4934.7260656667,691731.01230739,95286.20
2025-09-07 00:17:53.563,16788224,E-3A,-302536.25062721,5018.7973236304,691647.86880058,4.6872322559357,0.83040535449982,0.0059330058284104,-302536.25062721,5018.7973236304,691647.86880058,95432.95
2025-09-07 00:17:53.868,16788224,E-3A,-302539.04511965,5106.1662522114,691563.25387076,4.6874305009842,0.83878815174103,0.0059309834614396,-302539.04511965,5106.1662522114,691563.25387076,95579.95
2025-09-07 00:17:54.168,16788224,E-3A,-302541.77036043,5193.1098913199,691480.68087439,4.68761241436,0.84984797239304,0.0059356018900871,-302541.77036043,5193.1098913199,691480.68087439,95723.73
2025-09-07 00:17:54.479,16788224,E-3A,-302544.40908319,5279.0487588556,691400.6959503,4.6877872943878,0.86304759979248,0.0058674425818026,-302544.40908319,5279.0487588556,691400.6959503,95867.56
2025-09-07 00:17:54.791,16788224,E-3A,-302547.10640075,5368.9611162873,691318.93072944,4.6880060434341,0.87920188903809,0.0057781492359936,-302547.10640075,5368.9611162873,691318.93072944,96013.04
2025-09-07 00:17:55.136,16788224,E-3A,-302549.7604292,5459.8112011944,691238.50148814,4.6882461309433,0.89376479387283,0.0057084462605417,-302549.7604292,5459.8112011944,691238.50148814,96163.73
2025-09-07 00:17:55.437,16788224,E-3A,-302552.61875065,5560.5205509016,691151.92859621,4.6885131597519,0.90969270467758,0.0056698606349528,-302552.61875065,5560.5205509016,691151.92859621,96312.54
2025-09-07 00:17:55.749,16788224,E-3A,-302555.15344033,5652.455639155,691075.22293179,4.6887242794037,0.92498308420181,0.0055896225385368,-302555.15344033,5652.455639155,691075.22293179,96453.71
2025-09-07 00:17:56.056,16788224,E-3A,-302557.66678608,5746.2197117676,690999.25615173,4.6889473199844,0.94016319513321,0.0055063106119633,-302557.66678608,5746.2197117676,690999.25615173,96592.61
2025-09-07 00:17:56.362,16788224,E-3A,-302560.0940378,5839.380750433,690926.00706588,4.6891715526581,0.95338308811188,0.0054413015022874,-302560.0940378,5839.380750433,690926.00706588,96728.97
2025-09-07 00:17:56.668,16788224,E-3A,-302562.46982526,5933.05602736,690854.42039477,4.6897339820862,0.96436458826065,0.0086098201572895,-302562.46982526,5933.05602736,690854.42039477,96863.77
2025-09-07 00:17:56.974,16788224,E-3A,-302564.80163656,6027.7672745205,690783.94009926,4.692654132843,0.97745931148529,0.034973230212927,-302564.80163656,6027.7672745205,690783.94009926,96997.54
2025-09-07 00:17:57.285,16788224,E-3A,-302567.0433417,6123.8115252704,690714.36777194,4.6998106241226,0.9914168715477,0.097751468420029,-302567.0433417,6123.8115252704,690714.36777194,97131.59
2025-09-07 00:17:57.591,16788224,E-3A,-302569.07089091,6220.8808431345,690645.98855422,4.7108796834946,1.0061405897141,0.17910498380661,-302569.07089091,6220.8808431345,690645.98855422,97263.45
2025-09-07 00:17:57.891,16788224,E-3A,-302570.70076367,6317.7308170515,690579.76073635,4.7247889041901,1.0250363349915,0.24349735677242,-302570.70076367,6317.7308170515,690579.76073635,97392.01
2025-09-07 00:17:58.098,16788224,E-3A,-302571.78970144,6415.0570478727,690515.42195331,4.7399348020554,1.0458736419678,0.27541598677635,-302571.78970144,6415.0570478727,690515.42195331,97497.88
2025-09-07 00:17:58.396,16788224,E-3A,-302572.16059581,6479.6624390721,690474.03602469,4.7498672008514,1.059030175209,0.28726860880852,-302572.16059581,6479.6624390721,690474.03602469,97603.39
2025-09-07 00:17:58.703,16788224,E-3A,-302572.16522344,6576.7854864342,690413.85531406,4.7640316486359,1.0773218870163,0.30108413100243,-302572.16522344,6576.7854864342,690413.85531406,97727.79
2025-09-07 00:17:59.010,16788224,E-3A,-302571.48693122,6676.6741155506,690354.45933522,4.7793942689896,1.0960348844528,0.31644588708878,-302571.48693122,6676.6741155506,690354.45933522,97851.52
2025-09-07 00:17:59.314,16788224,E-3A,-302570.10195234,6777.6826086405,690296.92270363,4.7998031377792,1.1158001422882,0.3495064675808,-302570.10195234,6777.6826086405,690296.92270363,97973.57
2025-09-07 00:17:59.615,16788224,E-3A,-302567.98070104,6878.7846908794,690241.85387198,4.823126077652,1.1346143484116,0.39158737659454,-302567.98070104,6878.7846908794,690241.85387198,98092.27
2025-09-07 00:17:59.922,16788224,E-3A,-302565.04488299,6980.9245537538,690188.73941394,4.8466156721115,1.1507924795151,0.43158689141273,-302565.04488299,6980.9245537538,690188.73941394,98210.34
2025-09-07 00:18:00.227,16788224,E-3A,-302561.34443962,7082.3268357931,690138.32085082,4.8646056652069,1.1607439517975,0.46096575260162,-302561.34443962,7082.3268357931,690138.32085082,98325.75
2025-09-07 00:18:00.532,16788224,E-3A,-302556.86297003,7185.1862702244,690089.15191543,4.8806345462799,1.1685831546783,0.48636052012444,-302556.86297003,7185.1862702244,690089.15191543,98440.32
2025-09-07 00:18:00.833,16788224,E-3A,-302551.70504231,7288.364904232,690041.48979291,4.8979269266129,1.1768927574158,0.51247304677963,-302551.70504231,7288.364904232,690041.48979291,98552.25
2025-09-07 00:18:01.133,16788224,E-3A,-302546.00475749,7390.0860494982,689995.94974691,4.9190257787704,1.1871639490128,0.53941041231155,-302546.00475749,7390.0860494982,689995.94974691,98662.31
2025-09-07 00:18:01.434,16788224,E-3A,-302539.66986349,7492.0153089095,689951.75317653,4.9515970945358,1.203552365303,0.5714772939682,-302539.66986349,7492.0153089095,689951.75317653,98771.44
2025-09-07 00:18:01.738,16788224,E-3A,-302532.48558926,7595.9057124598,689908.4509999,4.9997779130936,1.2257497310638,0.61639422178268,-302532.48558926,7595.9057124598,689908.4509999,98880.76
2025-09-07 00:18:02.038,16788224,E-3A,-302524.52517408,7698.7623738596,689867.71730928,5.0578155517578,1.2487034797668,0.66995024681091,-302524.52517408,7698.7623738596,689867.71730928,98986.66
2025-09-07 00:18:02.344,16788224,E-3A,-302515.6208167,7801.629973645,689829.44543518,5.1280515193939,1.2722038030624,0.73309296369553,-302515.6208167,7801.629973645,689829.44543518,99091.46
2025-09-07 00:18:02.644,16788224,E-3A,-302505.48858035,7906.5602465841,689793.2382096,5.2202866077423,1.2967941761017,0.81962323188782,-302505.48858035,7906.5602465841,689793.2382096,99193.56
2025-09-07 00:18:02.947,16788224,E-3A,-302494.34492969,8010.4140250705,689760.48567425,5.3333911299706,1.3195677995682,0.92753291130066,-302494.34492969,8010.4140250705,689760.48567425,99292.95
2025-09-07 00:18:03.258,16788224,E-3A,-302481.69687921,8116.9083490685,689730.33745214,5.4888877272606,1.3414939641953,1.0773570537567,-302481.69687921,8116.9083490685,689730.33745214,99391.80
2025-09-07 00:18:03.564,16788224,E-3A,-302467.81373613,8222.8204619839,689704.07697092,5.6820011138916,1.35677921772,1.2731224298477,-302467.81373613,8222.8204619839,689704.07697092,99485.75
2025-09-07 00:18:03.868,16788224,E-3A,-302452.57801875,8328.3308641112,689681.87502667,5.9289399683475,1.3620835542679,1.5297187566757,-302452.57801875,8328.3308641112,689681.87502667,99576.21
2025-09-07 00:18:04.180,16788224,E-3A,-302435.75423751,8433.9091404433,689663.96957795,6.198033310473,1.354189157486,1.7978602647781,-302435.75423751,8433.9091404433,689663.96957795,99663.61
2025-09-07 00:18:04.489,16788224,E-3A,-302416.98052039,8540.6445857794,689650.64563838,0.14874887466431,1.3336426019669,2.0257430076599,-302416.98052039,8540.6445857794,689650.64563838,99745.94
2025-09-07 00:18:04.792,16788224,E-3A,-302396.85322102,8644.8024970755,689642.55586712,0.33622980117798,1.3036267757416,2.2046327590942,-302396.85322102,8644.8024970755,689642.55586712,99823.41
2025-09-07 00:18:05.097,16788224,E-3A,-302375.21554991,8747.4736939471,689639.53040429,0.48544788360596,1.2675195932388,2.3387792110443,-302375.21554991,8747.4736939471,689639.53040429,99895.97
2025-09-07 00:18:05.397,16788224,E-3A,-302352.02986967,8849.0428569371,689641.57084886,0.60716867446899,1.2251201868057,2.4467761516571,-302352.02986967,8849.0428569371,689641.57084886,99962.94
2025-09-07 00:18:05.704,16788224,E-3A,-302327.55591295,8948.5458839335,689648.68421719,0.7060604095459,1.1773898601532,2.5311105251312,-302327.55591295,8948.5458839335,689648.68421719,100026.30
2025-09-07 00:18:06.004,16788224,E-3A,-302302.17745218,9044.7373335243,689660.69470731,0.78680372238159,1.1260702610016,2.5966420173645,-302302.17745218,9044.7373335243,689660.69470731,100083.72
2025-09-07 00:18:06.308,16788224,E-3A,-302275.78768576,9138.3018540779,689677.61888283,0.85413980484009,1.0714147090912,2.6494221687317,-302275.78768576,9138.3018540779,689677.61888283,100137.64
2025-09-07 00:18:06.611,16788224,E-3A,-302247.96280683,9230.7274971335,689699.88002179,0.9100193977356,1.0135443210602,2.6932039260864,-302247.96280683,9230.7274971335,689699.88002179,100185.90
2025-09-07 00:18:06.920,16788224,E-3A,-302219.16906754,9320.3962745153,689727.24813553,0.95717477798462,0.95289891958237,2.7292666435242,-302219.16906754,9320.3962745153,689727.24813553,100231.12
2025-09-07 00:18:07.226,16788224,E-3A,-302189.14343404,9408.0683602673,689760.08062933,0.99951887130737,0.88746839761734,2.7602818012238,-302189.14343404,9408.0683602673,689760.08062933,100270.07
2025-09-07 00:18:07.531,16788224,E-3A,-302159.58953508,9489.0483715065,689796.35869163,1.0350069999695,0.82295525074005,2.784481048584,-302159.58953508,9489.0483715065,689796.35869163,100305.67
2025-09-07 00:18:07.834,16788224,E-3A,-302128.98039358,9567.7822662034,689837.80634889,1.0672287940979,0.7553995847702,2.8045642375946,-302128.98039358,9567.7822662034,689837.80634889,100335.92
2025-09-07 00:18:08.133,16788224,E-3A,-302098.45074463,9641.4343269815,689882.86974141,1.0962662696838,0.68657678365707,2.8208048343658,-302098.45074463,9641.4343269815,689882.86974141,100362.00
2025-09-07 00:18:08.445,16788224,E-3A,-302067.44189387,9711.4937992856,689932.31731243,1.123414516449,0.61465185880661,2.8347933292389,-302067.44189387,9711.4937992856,689932.31731243,100386.33
2025-09-07 00:18:08.745,16788224,E-3A,-302036.29695639,9777.1961589521,689985.620601,1.1442089080811,0.54459756612778,2.8564395904541,-302036.29695639,9777.1961589521,689985.620601,100404.70
2025-09-07 00:18:09.046,16788224,E-3A,-302005.7065443,9837.173020567,690041.34387323,1.153685092926,0.47907528281212,2.8915627002716,-302005.7065443,9837.173020567,690041.34387323,100420.43
2025-09-07 00:18:09.357,16788224,E-3A,-301974.72895826,9893.1286937339,690100.77194994,1.1520256996155,0.41635856032372,2.9412882328033,-301974.72895826,9893.1286937339,690100.77194994,100435.06
2025-09-07 00:18:09.656,16788224,E-3A,-301943.53162827,9944.3540916219,690162.98983769,1.1331644058228,0.36288765072823,3.0300889015198,-301943.53162827,9944.3540916219,690162.98983769,100444.54
2025-09-07 00:18:09.957,16788224,E-3A,-301912.53526242,9989.8548326923,690226.06229875,1.1036949157715,0.31305259466171,3.1316013336182,-301912.53526242,9989.8548326923,690226.06229875,100453.41
2025-09-07 00:18:10.268,16788224,E-3A,-301880.15405908,10031.545473577,690292.03714767,1.0747847557068,0.25448980927467,-3.0588202476501,-301880.15405908,10031.545473577,690292.03714767,100461.63
2025-09-07 00:18:10.568,16788224,E-3A,-301846.84536103,10068.367302835,690359.00840173,1.0432448387146,0.1889661103487,-2.9609854221344,-301846.84536103,10068.367302835,690359.00840173,100467.01
2025-09-07 00:18:10.872,16788224,E-3A,-301812.71843226,10100.038195255,690425.84076093,0.99584674835205,0.12730021774769,-2.8270642757416,-301812.71843226,10100.038195255,690425.84076093,100473.56
2025-09-07 00:18:11.180,16788224,E-3A,-301776.28383154,10127.597891671,690494.19632467,0.92803955078125,0.075199812650681,-2.658588886261,-301776.28383154,10127.597891671,690494.19632467,100479.16
2025-09-07 00:18:11.485,16788224,E-3A,-301738.19146645,10150.366352761,690561.40820952,0.8459644317627,0.038906525820494,-2.4711360931396,-301738.19146645,10150.366352761,690561.40820952,100486.14
2025-09-07 00:18:11.796,16788224,E-3A,-301697.47785401,10169.11695581,690627.88342236,0.76781558990479,0.012386072427034,-2.3173689842224,-301697.47785401,10169.11695581,690627.88342236,100495.12
2025-09-07 00:18:12.096,16788224,E-3A,-301653.64211908,10184.285747651,690693.42943775,0.69877338409424,-0.014055819250643,-2.2116365432739,-301653.64211908,10184.285747651,690693.42943775,100503.46
2025-09-07 00:18:12.402,16788224,E-3A,-301608.44902904,10195.697328095,690755.14345348,0.63823080062866,-0.047363821417093,-2.1566808223724,-301608.44902904,10195.697328095,690755.14345348,100516.69
2025-09-07 00:18:12.702,16788224,E-3A,-301560.60198063,10204.015709545,690814.84188014,0.57522058486938,-0.089166134595871,-2.1274456977844,-301560.60198063,10204.015709545,690814.84188014,100531.41
2025-09-07 00:18:13.013,16788224,E-3A,-301510.08466515,10209.281529478,690872.41484916,0.51061201095581,-0.1339099407196,-2.1070981025696,-301510.08466515,10209.281529478,690872.41484916,100550.86
2025-09-07 00:18:13.316,16788224,E-3A,-301457.95315476,10211.45627828,690926.68956512,0.44722032546997,-0.17606015503407,-2.0848014354706,-301457.95315476,10211.45627828,690926.68956512,100571.81
2025-09-07 00:18:13.616,16788224,E-3A,-301404.67388746,10210.686231693,690977.37923043,0.38797044754028,-0.20547331869602,-2.0471534729004,-301404.67388746,10210.686231693,690977.37923043,100596.06
2025-09-07 00:18:13.924,16788224,E-3A,-301350.31765047,10207.196862814,691024.59942318,0.33058071136475,-0.21696384251118,-1.9794226884842,-301350.31765047,10207.196862814,691024.59942318,100625.70
2025-09-07 00:18:14.235,16788224,E-3A,-301291.48542994,10200.867844798,691071.00113875,0.27385234832764,-0.22074061632156,-1.8868014812469,-301291.48542994,10200.867844798,691071.00113875,100657.25
2025-09-07 00:18:14.535,16788224,E-3A,-301234.21401009,10192.660284206,691111.81214201,0.22787189483643,-0.22857019305229,-1.8137898445129,-301234.21401009,10192.660284206,691111.81214201,100692.14
2025-09-07 00:18:14.835,16788224,E-3A,-301176.25055746,10182.667329667,691149.06837776,0.18743705749512,-0.24058200418949,-1.7683846950531,-301176.25055746,10182.667329667,691149.06837776,100730.44
2025-09-07 00:18:15.136,16788224,E-3A,-301117.33079037,10171.001060139,691183.07791448,0.15492534637451,-0.25400924682617,-1.7464190721512,-301117.33079037,10171.001060139,691183.07791448,100772.36
2025-09-07 00:18:15.436,16788224,E-3A,-301057.35859663,10157.702504702,691213.99268734,0.13046169281006,-0.26717910170555,-1.735992193222,-301057.35859663,10157.702504702,691213.99268734,100817.29
2025-09-07 00:18:15.647,16788224,E-3A,-300995.40698444,10142.557818744,691242.32563866,0.11666297912598,-0.27867326140404,-1.7263472080231,-300995.40698444,10142.557818744,691242.32563866,100845.47
2025-09-07 00:18:15.955,16788224,E-3A,-300953.23043825,10131.481908932,691259.71688733,0.1116189956665,-0.28584849834442,-1.7176578044891,-300953.23043825,10131.481908932,691259.71688733,100902.83
2025-09-07 00:18:16.255,16788224,E-3A,-300890.54332439,10113.963425779,691283.07807941,0.10641574859619,-0.29375419020653,-1.6938134431839,-300890.54332439,10113.963425779,691283.07807941,100955.73
2025-09-07 00:18:16.556,16788224,E-3A,-300828.29030952,10095.437362523,691303.74551997,0.099744319915771,-0.29817020893097,-1.6511664390564,-300828.29030952,10095.437362523,691303.74551997,101011.48
2025-09-07 00:18:16.856,16788224,E-3A,-300765.25962473,10075.68136167,691322.47998054,0.090622425079346,-0.30160927772522,-1.5952595472336,-300765.25962473,10075.68136167,691322.47998054,101069.07
2025-09-07 00:18:17.162,16788224,E-3A,-300701.67390481,10054.87309408,691339.42904925,0.080904483795166,-0.30341339111328,-1.5226151943207,-300701.67390481,10054.87309408,691339.42904925,101129.88
2025-09-07 00:18:17.469,16788224,E-3A,-300636.69219503,10032.842801098,691354.96192331,0.072681427001953,-0.29931411147118,-1.4071563482285,-300636.69219503,10032.842801098,691354.96192331,101192.78
2025-09-07 00:18:17.773,16788224,E-3A,-300569.8530079,10009.573011163,691369.26913846,0.066978931427002,-0.28873637318611,-1.2400708198547,-300569.8530079,10009.573011163,691369.26913846,101256.31
2025-09-07 00:18:18.085,16788224,E-3A,-300503.48682248,9986.0952935578,691381.99975761,0.064201354980469,-0.27669790387154,-1.0512672662735,-300503.48682248,9986.0952935578,691381.99975761,101323.16
2025-09-07 00:18:18.385,16788224,E-3A,-300436.26977719,9962.175908061,691393.6023096,0.064737319946289,-0.26584348082542,-0.85492670536041,-300436.26977719,9962.175908061,691393.6023096,101388.62
2025-09-07 00:18:18.588,16788224,E-3A,-300369.94618006,9938.6257493198,691403.99729101,0.068931102752686,-0.25708729028702,-0.6613461971283,-300369.94618006,9938.6257493198,691403.99729101,101433.34
2025-09-07 00:18:18.893,16788224,E-3A,-300324.70207646,9922.6590737102,691410.60824411,0.073808670043945,-0.25222709774971,-0.53033757209778,-300324.70207646,9922.6590737102,691410.60824411,101501.83
2025-09-07 00:18:19.202,16788224,E-3A,-300255.03943398,9898.2992854878,691420.22028541,0.083116054534912,-0.2468306273222,-0.34188055992126,-300255.03943398,9898.2992854878,691420.22028541,101571.52
2025-09-07 00:18:19.509,16788224,E-3A,-300186.06326062,9874.4830426847,691429.2830191,0.09409236907959,-0.24361106753349,-0.1644484102726,-300186.06326062,9874.4830426847,691429.2830191,101641.25
2025-09-07 00:18:19.712,16788224,E-3A,-300116.21930566,9850.673751908,691438.22714344,0.10612154006958,-0.24231760203838,0.00014495689538307,-300116.21930566,9850.673751908,691438.22714344,101688.53
2025-09-07 00:18:20.013,16788224,E-3A,-300069.15679695,9834.7910664142,691444.22141521,0.11271381378174,-0.24255087971687,0.082871437072754,-300069.15679695,9834.7910664142,691444.22141521,101756.67
2025-09-07 00:18:20.324,16788224,E-3A,-299998.75933809,9811.2367036288,691453.24426842,0.11924457550049,-0.24376122653484,0.1553166359663,-299998.75933809,9811.2367036288,691453.24426842,101828.33
2025-09-07 00:18:20.631,16788224,E-3A,-299926.13901706,9787.1474513053,691462.69356834,0.12477540969849,-0.24322040379047,0.19350668787956,-299926.13901706,9787.1474513053,691462.69356834,101898.17
2025-09-07 00:18:20.934,16788224,E-3A,-299853.16031525,9763.1379800441,691472.37786219,0.13023233413696,-0.23806972801685,0.20431931316853,-299853.16031525,9763.1379800441,691472.37786219,101967.66
2025-09-07 00:18:21.241,16788224,E-3A,-299781.25437395,9739.7330742406,691482.13275102,0.13615036010742,-0.22780720889568,0.20414987206459,-299781.25437395,9739.7330742406,691482.13275102,102037.62
2025-09-07 00:18:21.548,16788224,E-3A,-299707.78972308,9716.2047242862,691492.34658061,0.14206457138062,-0.21545542776585,0.20127773284912,-299707.78972308,9716.2047242862,691492.34658061,102107.20
2025-09-07 00:18:21.853,16788224,E-3A,-299633.69647809,9692.993726518,691502.92454207,0.14628076553345,-0.2068924754858,0.19480347633362,-299633.69647809,9692.993726518,691502.92454207,102176.78
2025-09-07 00:18:22.164,16788224,E-3A,-299557.49958351,9669.7121107589,691514.09132118,0.14827585220337,-0.20289202034473,0.18039327859879,-299557.49958351,9669.7121107589,691514.09132118,102247.06
2025-09-07 00:18:22.477,16788224,E-3A,-299481.39528791,9647.0175135965,691525.50837962,0.14995050430298,-0.20159193873405,0.17238919436932,-299481.39528791,9647.0175135965,691525.50837962,102317.56
2025-09-07 00:18:22.778,16788224,E-3A,-299404.66701387,9624.6273418404,691537.25686117,0.15140247344971,-0.2008633762598,0.16250671446323,-299404.66701387,9624.6273418404,691537.25686117,102384.99
2025-09-07 00:18:23.087,16788224,E-3A,-299329.58823952,9603.1245368105,691548.95552166,0.15134811401367,-0.1998298317194,0.13546454906464,-299329.58823952,9603.1245368105,691548.95552166,102454.49
2025-09-07 00:18:23.391,16788224,E-3A,-299251.15283161,9581.0381998705,691561.34664406,0.15017795562744,-0.19735132157803,0.094049349427223,-299251.15283161,9581.0381998705,691561.34664406,102522.77
2025-09-07 00:18:23.698,16788224,E-3A,-299173.88645209,9559.6398739904,691573.66821305,0.14844751358032,-0.1940969824791,0.050342984497547,-299173.88645209,9559.6398739904,691573.66821305,102590.98
2025-09-07 00:18:23.999,16788224,E-3A,-299095.76734519,9538.3669126739,691586.18605237,0.14657640457153,-0.19089333713055,0.013788669370115,-299095.76734519,9538.3669126739,691586.18605237,102658.52
2025-09-07 00:18:24.306,16788224,E-3A,-299016.78637428,9517.2217207155,691598.85691671,0.14481782913208,-0.18963286280632,-0.012833441607654,-299016.78637428,9517.2217207155,691598.85691671,102726.77
2025-09-07 00:18:24.611,16788224,E-3A,-298938.24694513,9496.5162278219,691611.43774862,0.14265966415405,-0.19002643227577,-0.040548853576183,-298938.24694513,9496.5162278219,691611.43774862,102795.31
2025-09-07 00:18:24.911,16788224,E-3A,-298858.33963811,9475.7177882468,691624.18654311,0.14006376266479,-0.19075375795364,-0.073100246489048,-298858.33963811,9475.7177882468,691624.18654311,102862.85
2025-09-07 00:18:25.220,16788224,E-3A,-298778.11280355,9455.0527109996,691636.90056424,0.13704013824463,-0.19102148711681,-0.11009006202221,-298778.11280355,9455.0527109996,691636.90056424,102932.09
2025-09-07 00:18:25.520,16788224,E-3A,-298697.04214908,9434.3526360566,691649.62527644,0.13345193862915,-0.19112262129784,-0.15262235701084,-298697.04214908,9434.3526360566,691649.62527644,102999.73
2025-09-07 00:18:25.823,16788224,E-3A,-298615.92938636,9413.7977592404,691662.1940283,0.12929058074951,-0.19132539629936,-0.19853377342224,-298615.92938636,9413.7977592404,691662.1940283,103068.25
2025-09-07 00:18:26.123,16788224,E-3A,-298535.05700776,9393.435221004,691674.52257747,0.12459802627563,-0.19185000658035,-0.24574384093285,-298535.05700776,9393.435221004,691674.52257747,103136.58
2025-09-07 00:18:26.423,16788224,E-3A,-298453.35385943,9372.9712807762,691686.73157891,0.11940240859985,-0.19277267158031,-0.2932593524456,-298453.35385943,9372.9712807762,691686.73157891,103205.00
2025-09-07 00:18:26.731,16788224,E-3A,-298371.36529426,9352.5189533723,691698.69801321,0.11437034606934,-0.19361443817616,-0.32926917076111,-298371.36529426,9352.5189533723,691698.69801321,103275.54
2025-09-07 00:18:27.036,16788224,E-3A,-298285.51045309,9331.1676475047,691710.89304743,0.10968685150146,-0.19470112025738,-0.35058885812759,-298285.51045309,9331.1676475047,691710.89304743,103345.90
2025-09-07 00:18:27.346,16788224,E-3A,-298200.73080449,9310.1249855651,691722.58688811,0.10583353042603,-0.19607965648174,-0.35621070861816,-298200.73080449,9310.1249855651,691722.58688811,103417.52
2025-09-07 00:18:27.647,16788224,E-3A,-298115.9479007,9289.0955589754,691733.93986868,0.10232162475586,-0.19787132740021,-0.3607015311718,-298115.9479007,9289.0955589754,691733.93986868,103487.98
2025-09-07 00:18:27.954,16788224,E-3A,-298030.6178378,9267.9127211089,691745.03093851,0.098403930664062,-0.19994845986366,-0.37646064162254,-298030.6178378,9267.9127211089,691745.03093851,103559.97
2025-09-07 00:18:28.266,16788224,E-3A,-297943.04728929,9246.1265248356,691756.0655674,0.094164371490479,-0.20154516398907,-0.3939571082592,-297943.04728929,9246.1265248356,691756.0655674,103633.35
2025-09-07 00:18:28.473,16788224,E-3A,-297855.20362685,9224.2104040864,691766.77540969,0.089931488037109,-0.2030380666256,-0.40814200043678,-297855.20362685,9224.2104040864,691766.77540969,103684.27
2025-09-07 00:18:28.778,16788224,E-3A,-297795.18884611,9209.196168872,691773.8827037,0.086818218231201,-0.20432609319687,-0.42081981897354,-297795.18884611,9209.196168872,691773.8827037,103755.51
2025-09-07 00:18:29.081,16788224,E-3A,-297708.43705581,9187.4237563198,691783.85121946,0.082276344299316,-0.20625048875809,-0.43926659226418,-297708.43705581,9187.4237563198,691783.85121946,103827.97
2025-09-07 00:18:29.379,16788224,E-3A,-297621.74282185,9165.5708874328,691793.44661939,0.077589511871338,-0.20850600302219,-0.46247357130051,-297621.74282185,9165.5708874328,691793.44661939,103900.40
2025-09-07 00:18:29.691,16788224,E-3A,-297533.37048935,9143.1790460894,691802.84278229,0.072495937347412,-0.21088030934334,-0.49095964431763,-297533.37048935,9143.1790460894,691802.84278229,103975.62
2025-09-07 00:18:29.900,16788224,E-3A,-297443.88876215,9120.3702061519,691811.94890579,0.067089557647705,-0.21324209868908,-0.52074819803238,-297443.88876215,9120.3702061519,691811.94890579,104028.50
2025-09-07 00:18:30.200,16788224,E-3A,-297382.76300848,9104.7037879563,691817.92552819,0.063196182250977,-0.21492025256157,-0.54135805368423,-297382.76300848,9104.7037879563,691817.92552819,104100.58
2025-09-07 00:18:30.509,16788224,E-3A,-297292.39503006,9081.4063039926,691826.38679186,0.057297229766846,-0.21747985482216,-0.57134717702866,-297292.39503006,9081.4063039926,691826.38679186,104177.02
2025-09-07 00:18:30.815,16788224,E-3A,-297201.79891574,9057.8754656199,691834.40643464,0.051186561584473,-0.22013905644417,-0.60118216276169,-297201.79891574,9057.8754656199,691834.40643464,104253.13
2025-09-07 00:18:31.116,16788224,E-3A,-297110.98062115,9034.0990712843,691841.9654087,0.045003414154053,-0.2228134572506,-0.63020467758179,-297110.98062115,9034.0990712843,691841.9654087,104329.13
2025-09-07 00:18:31.417,16788224,E-3A,-297020.24698759,9010.1444961645,691849.02209249,0.038472175598145,-0.22562764585018,-0.65958714485168,-297020.24698759,9010.1444961645,691849.02209249,104405.45
2025-09-07 00:18:31.717,16788224,E-3A,-296929.30593146,8985.9220158614,691855.58507488,0.031809329986572,-0.22853097319603,-0.68906557559967,-296929.30593146,8985.9220158614,691855.58507488,104482.37
2025-09-07 00:18:32.017,16788224,E-3A,-296837.85870438,8961.3359774125,691861.65644712,0.024901866912842,-0.23150408267975,-0.71837109327316,-296837.85870438,8961.3359774125,691861.65644712,104559.71
2025-09-07 00:18:32.328,16788224,E-3A,-296745.29327029,8936.2046093151,691867.24967011,0.018279075622559,-0.23388242721558,-0.73192942142487,-296745.29327029,8936.2046093151,691867.24967011,104640.02
2025-09-07 00:18:32.629,16788224,E-3A,-296650.98244223,8910.3436841,691872.36971866,0.011716365814209,-0.23631229996681,-0.73355388641357,-296650.98244223,8910.3436841,691872.36971866,104719.19
2025-09-07 00:18:32.940,16788224,E-3A,-296557.69328192,8884.5078548869,691876.86511956,0.0052218437194824,-0.23895253241062,-0.73790001869202,-296557.69328192,8884.5078548869,691876.86511956,104801.09
2025-09-07 00:18:33.242,16788224,E-3A,-296461.40249159,8857.5699602558,691880.91613581,6.2813821912277,-0.24166797101498,-0.75041973590851,-296461.40249159,8857.5699602558,691880.91613581,104882.27
2025-09-07 00:18:33.548,16788224,E-3A,-296366.76636131,8830.8250402808,691884.31193464,6.2746394257993,-0.24414037168026,-0.76444166898727,-296366.76636131,8830.8250402808,691884.31193464,104964.54
2025-09-07 00:18:33.849,16788224,E-3A,-296270.35596126,8803.3043201607,691887.16718106,6.2676527127624,-0.24685756862164,-0.77872812747955,-296270.35596126,8803.3043201607,691887.16718106,105046.63
2025-09-07 00:18:34.159,16788224,E-3A,-296174.04954853,8775.5374532178,691889.40198068,6.2605156078935,-0.24984619021416,-0.79335898160934,-296174.04954853,8775.5374532178,691889.40198068,105130.51
2025-09-07 00:18:34.462,16788224,E-3A,-296078.49357947,8747.7146338681,691890.99936025,6.2533989101648,-0.25306940078735,-0.81209594011307,-296078.49357947,8747.7146338681,691890.99936025,105215.16
2025-09-07 00:18:34.769,16788224,E-3A,-295978.90877112,8718.4264613956,691891.99227838,6.2455426715314,-0.25696334242821,-0.84426254034042,-295978.90877112,8718.4264613956,691891.99227838,105301.04
2025-09-07 00:18:35.069,16788224,E-3A,-295882.31808391,8689.7300040432,691892.27819798,6.2385103292763,-0.25974601507187,-0.85687679052353,-295882.31808391,8689.7300040432,691892.27819798,105386.01
2025-09-07 00:18:35.380,16788224,E-3A,-295783.60028003,8660.1190035122,691891.86119706,6.2315913438797,-0.26190903782845,-0.84845960140228,-295783.60028003,8660.1190035122,691891.86119706,105474.16
2025-09-07 00:18:35.686,16788224,E-3A,-295684.34881,8630.094476065,691890.70530548,6.2251560091972,-0.26179674267769,-0.79794639348984,-295684.34881,8630.094476065,691890.70530548,105562.33
2025-09-07 00:18:35.993,16788224,E-3A,-295584.2175119,8599.6302744816,691888.78602499,6.2207785882056,-0.26008781790733,-0.70321041345596,-295584.2175119,8599.6302744816,691888.78602499,105651.94
2025-09-07 00:18:36.293,16788224,E-3A,-295483.83161712,8569.0093908263,691886.14618979,6.2169493958354,-0.25939750671387,-0.62456679344177,-295483.83161712,8569.0093908263,691886.14618979,105740.62
2025-09-07 00:18:36.603,16788224,E-3A,-295383.50842938,8538.3879424615,691882.85899648,6.2136083543301,-0.25922912359238,-0.57024157047272,-295383.50842938,8538.3879424615,691882.85899648,105831.99
2025-09-07 00:18:36.903,16788224,E-3A,-295282.24980633,8507.48445759,691878.94586039,6.2095308229327,-0.2598263323307,-0.55108684301376,-295282.24980633,8507.48445759,691878.94586039,105922.70
2025-09-07 00:18:37.209,16788224,E-3A,-295179.71096284,8476.1929244119,691874.41329728,6.2051901295781,-0.26037591695786,-0.54620170593262,-295179.71096284,8476.1929244119,691874.41329728,106015.01
2025-09-07 00:18:37.421,16788224,E-3A,-295077.22591426,8444.91530592,691869.33060531,6.2007262036204,-0.26109260320663,-0.54410797357559,-295077.22591426,8444.91530592,691869.33060531,106087.34
2025-09-07 00:18:37.725,16788224,E-3A,-295005.96792337,8423.161358083,691865.47990942,6.1975693106651,-0.26170349121094,-0.54305922985077,-295005.96792337,8423.161358083,691865.47990942,106172.66
2025-09-07 00:18:38.026,16788224,E-3A,-294904.14858649,8392.0586044912,691859.53792208,6.1930831596255,-0.26258510351181,-0.54187679290771,-294904.14858649,8392.0586044912,691859.53792208,106265.55
2025-09-07 00:18:38.332,16788224,E-3A,-294801.394487,8360.6371009557,691853.02927758,6.1887210085988,-0.26338443160057,-0.54081428050995,-294801.394487,8360.6371009557,691853.02927758,106360.14
2025-09-07 00:18:38.637,16788224,E-3A,-294695.97728937,8328.3562749013,691845.83090675,6.1842229515314,-0.26418539881706,-0.53959900140762,-294695.97728937,8328.3562749013,691845.83090675,106456.26
2025-09-07 00:18:38.943,16788224,E-3A,-294589.24565696,8295.6183184679,691838.01896979,6.1798082366586,-0.26445907354355,-0.53334319591522,-294589.24565696,8295.6183184679,691838.01896979,106553.10
2025-09-07 00:18:39.255,16788224,E-3A,-294484.31733816,8263.3972852228,691829.8326921,6.1758696734905,-0.26236659288406,-0.49782133102417,-294484.31733816,8263.3972852228,691829.8326921,106651.81
2025-09-07 00:18:39.561,16788224,E-3A,-294375.60584942,8230.0558830437,691820.82547415,6.1718066632748,-0.25974300503731,-0.44916582107544,-294375.60584942,8230.0558830437,691820.82547415,106749.53
2025-09-07 00:18:39.866,16788224,E-3A,-294269.38192717,8197.594074435,691811.52372114,6.1674479618669,-0.25741112232208,-0.42093199491501,-294269.38192717,8197.594074435,691811.52372114,106848.43
2025-09-07 00:18:40.171,16788224,E-3A,-294160.71794789,8164.5689826788,691801.50701883,6.1624440848827,-0.25221535563469,-0.40631675720215,-294160.71794789,8164.5689826788,691801.50701883,106948.85
2025-09-07 00:18:40.483,16788224,E-3A,-294049.55065043,8131.1220776247,691790.70245867,6.1558160632849,-0.24190959334373,-0.38746958971024,-294049.55065043,8131.1220776247,691790.70245867,107051.30
2025-09-07 00:18:40.792,16788224,E-3A,-293939.75468332,8098.6985269731,691779.40470212,6.1488438993692,-0.22796772420406,-0.35235819220543,-293939.75468332,8098.6985269731,691779.40470212,107153.60
2025-09-07 00:18:41.097,16788224,E-3A,-293827.69829784,8066.5579837696,691767.17488064,6.1430373340845,-0.21326771378517,-0.31205570697784,-293827.69829784,8066.5579837696,691767.17488064,107256.68
2025-09-07 00:18:41.401,16788224,E-3A,-293715.50971191,8035.5946883322,691754.22396134,6.1381704956293,-0.19783775508404,-0.27696400880814,-293715.50971191,8035.5946883322,691754.22396134,107359.91
2025-09-07 00:18:41.707,16788224,E-3A,-293605.40243409,8006.5625577748,691740.86031362,6.1344059407711,-0.18210560083389,-0.2418420612812,-293605.40243409,8006.5625577748,691740.86031362,107464.06
2025-09-07 00:18:42.018,16788224,E-3A,-293490.38603646,7977.8211421672,691726.26803904,6.1313914358616,-0.16576242446899,-0.20426826179028,-293490.38603646,7977.8211421672,691726.26803904,107571.16
2025-09-07 00:18:42.318,16788224,E-3A,-293376.35943257,7951.0131199256,691711.23988167,6.1286302357912,-0.15230910480022,-0.1824853271246,-293376.35943257,7951.0131199256,691711.23988167,107676.56
2025-09-07 00:18:42.625,16788224,E-3A,-293263.38947958,7926.0751689603,691695.86725955,6.1257283985615,-0.14146755635738,-0.17643922567368,-293263.38947958,7926.0751689603,691695.86725955,107783.23
2025-09-07 00:18:42.933,16788224,E-3A,-293147.38067507,7902.0302784087,691679.62502831,6.1227182298899,-0.13127857446671,-0.1749240309,-293147.38067507,7902.0302784087,691679.62502831,107892.12
2025-09-07 00:18:43.239,16788224,E-3A,-293030.23248933,7879.2374665166,691662.78396899,6.119598865509,-0.12129457294941,-0.17440225183964,-293030.23248933,7879.2374665166,691662.78396899,108001.24
2025-09-07 00:18:43.548,16788224,E-3A,-292911.97112745,7857.6484886246,691645.35578585,6.1164807230234,-0.11138973385096,-0.17381364107132,-292911.97112745,7857.6484886246,691645.35578585,108111.46
2025-09-07 00:18:43.853,16788224,E-3A,-292794.55058491,7837.5507170767,691627.64602574,6.1142221987247,-0.10103017836809,-0.16242177784443,-292794.55058491,7837.5507170767,691627.64602574,108221.62
2025-09-07 00:18:44.155,16788224,E-3A,-292675.68974831,7818.5281094822,691609.34379363,6.1134026795626,-0.091260679066181,-0.13375833630562,-292675.68974831,7818.5281094822,691609.34379363,108332.08
2025-09-07 00:18:44.459,16788224,E-3A,-292558.51393362,7801.0212157362,691591.00243159,6.1139915883541,-0.084748983383179,-0.095313653349876,-292558.51393362,7801.0212157362,691591.00243159,108442.27
2025-09-07 00:18:44.764,16788224,E-3A,-292439.93511746,7784.4123839979,691572.23988056,6.1156759560108,-0.081287257373333,-0.049977567046881,-292439.93511746,7784.4123839979,691572.23988056,108553.70
2025-09-07 00:18:45.069,16788224,E-3A,-292317.58764322,7768.2157018396,691552.77349839,6.1164387315512,-0.079349085688591,-0.020573494955897,-292317.58764322,7768.2157018396,691552.77349839,108666.93
2025-09-07 00:18:45.374,16788224,E-3A,-292196.98964122,7752.9676132023,691533.53781568,6.1166286319494,-0.077923089265823,-0.01068543177098,-292196.98964122,7752.9676132023,691533.53781568,108779.41
2025-09-07 00:18:45.681,16788224,E-3A,-292077.39652498,7738.3833340227,691514.43705233,6.1168787628412,-0.076959855854511,-0.0085823303088546,-292077.39652498,7738.3833340227,691514.43705233,108891.84
2025-09-07 00:18:45.981,16788224,E-3A,-291955.64425469,7723.9515270461,691494.97426786,6.1169254779816,-0.076503977179527,-0.0079523427411914,-291955.64425469,7723.9515270461,691494.97426786,109003.87
2025-09-07 00:18:46.282,16788224,E-3A,-291835.34099156,7709.9950991775,691475.72915669,6.1167945563793,-0.076252244412899,-0.0078039690852165,-291835.34099156,7709.9950991775,691475.72915669,109115.67
2025-09-07 00:18:46.588,16788224,E-3A,-291712.08365272,7695.92385056,691455.99753754,6.1167417615652,-0.076062977313995,-0.0078796641901135,-291712.08365272,7695.92385056,691455.99753754,109230.01
2025-09-07 00:18:46.899,16788224,E-3A,-291588.28158739,7681.9606614865,691436.16529921,6.1167303919792,-0.075713910162449,-0.0079054506495595,-291588.28158739,7681.9606614865,691436.16529921,109345.34
2025-09-07 00:18:47.206,16788224,E-3A,-291463.94142285,7668.074859905,691416.23406665,6.116541326046,-0.074313104152679,-0.0096872020512819,-291463.94142285,7668.074859905,691416.23406665,109460.09
2025-09-07 00:18:47.506,16788224,E-3A,-291339.06743768,7654.2911463401,691396.19865889,6.1152606904507,-0.070599153637886,-0.032012838870287,-291339.06743768,7654.2911463401,691396.19865889,109574.06
2025-09-07 00:18:47.806,16788224,E-3A,-291215.71625443,7640.9355096062,691376.36159567,6.1134696602821,-0.064874328672886,-0.06963374465704,-291215.71625443,7640.9355096062,691376.36159567,109687.37
2025-09-07 00:18:48.111,16788224,E-3A,-291092.26866199,7627.9735653456,691356.41838488,6.1118166595697,-0.058353904634714,-0.093563094735146,-291092.26866199,7627.9735653456,691356.41838488,109802.21
2025-09-07 00:18:48.420,16788224,E-3A,-290963.77067699,7615.0492352684,691335.51534605,6.108376711607,-0.051244270056486,-0.12524399161339,-290963.77067699,7615.0492352684,691335.51534605,109919.22
2025-09-07 00:18:48.727,16788224,E-3A,-290837.25120746,7603.0024584522,691314.722662,6.103677123785,-0.04362902790308,-0.17658132314682,-290837.25120746,7603.0024584522,691314.722662,110036.42
2025-09-07 00:18:49.034,16788224,E-3A,-290709.0109258,7591.579541304,691293.33214523,6.0981081277132,-0.036017544567585,-0.2363321185112,-290709.0109258,7591.579541304,691293.33214523,110154.47
2025-09-07 00:18:49.336,16788224,E-3A,-290581.5817041,7581.0801547748,691271.64571748,6.0911843329668,-0.029040796682239,-0.29751551151276,-290581.5817041,7581.0801547748,691271.64571748,110271.16
2025-09-07 00:18:49.642,16788224,E-3A,-290455.0144872,7571.5133505174,691249.55982677,6.0835650861263,-0.022989304736257,-0.35670784115791,-290455.0144872,7571.5133505174,691249.55982677,110389.44
2025-09-07 00:18:49.954,16788224,E-3A,-290324.30813483,7562.5179014531,691226.06439978,6.076467782259,-0.01804125122726,-0.40306258201599,-290324.30813483,7562.5179014531,691226.06439978,110511.01
2025-09-07 00:18:50.256,16788224,E-3A,-290195.36958664,7554.4478320038,691202.14081429,6.0705484449863,-0.015440854243934,-0.43452262878418,-290195.36958664,7554.4478320038,691202.14081429,110630.26
2025-09-07 00:18:50.560,16788224,E-3A,-290067.80912444,7547.1169963919,691177.73950688,6.0650887489319,-0.013974167406559,-0.46056258678436,-290067.80912444,7547.1169963919,691177.73950688,110751.27
2025-09-07 00:18:50.867,16788224,E-3A,-289936.56241794,7540.1091432848,691151.89088673,6.0600684732199,-0.013102864846587,-0.48348379135132,-289936.56241794,7540.1091432848,691151.89088673,110874.21
2025-09-07 00:18:51.168,16788224,E-3A,-289808.41048117,7533.6682365,691125.94880615,6.0550273358822,-0.012568186037242,-0.50649899244308,-289808.41048117,7533.6682365,691125.94880615,110996.16
2025-09-07 00:18:51.468,16788224,E-3A,-289680.40269,7527.5349268061,691099.36004776,6.05005826056,-0.012249787338078,-0.5284304022789,-289680.40269,7527.5349268061,691099.36004776,111118.14
2025-09-07 00:18:51.774,16788224,E-3A,-289552.12204824,7521.6146953565,691072.04797834,6.0452656447887,-0.012201645411551,-0.54714792966843,-289552.12204824,7521.6146953565,691072.04797834,111242.07
2025-09-07 00:18:52.075,16788224,E-3A,-289422.29181189,7515.7900583981,691043.73921173,6.0407725870609,-0.012180168181658,-0.55648767948151,-289422.29181189,7515.7900583981,691043.73921173,111366.78
2025-09-07 00:18:52.389,16788224,E-3A,-289290.90754741,7510.0141687335,691014.42901749,6.0366422683001,-0.012601620517671,-0.55823653936386,-289290.90754741,7510.0141687335,691014.42901749,111494.91
2025-09-07 00:18:52.694,16788224,E-3A,-289159.67910033,7504.3111021901,690984.51848068,6.0328183174133,-0.01343354396522,-0.55850356817245,-289159.67910033,7504.3111021901,690984.51848068,111622.81
2025-09-07 00:18:52.999,16788224,E-3A,-289027.74789363,7498.5907256698,690953.84216228,6.0292284786701,-0.014368197880685,-0.55842959880829,-289027.74789363,7498.5907256698,690953.84216228,111751.50
2025-09-07 00:18:53.300,16788224,E-3A,-288895.9728376,7492.847145677,690922.62609255,6.0256440043449,-0.015319238416851,-0.55818843841553,-288895.9728376,7492.847145677,690922.62609255,111879.67
2025-09-07 00:18:53.605,16788224,E-3A,-288766.08532456,7487.1268651942,690891.31513581,6.0221198797226,-0.016281150281429,-0.55795389413834,-288766.08532456,7487.1268651942,690891.31513581,112008.25
2025-09-07 00:18:53.909,16788224,E-3A,-288632.90646883,7481.1791307029,690858.6678275,6.0185707211494,-0.017268164083362,-0.55774432420731,-288632.90646883,7481.1791307029,690858.6678275,112139.02
2025-09-07 00:18:54.214,16788224,E-3A,-288502.92609094,7475.2784998561,690826.28617297,6.0151235759258,-0.018244447186589,-0.55752062797546,-288502.92609094,7475.2784998561,690826.28617297,112269.29
2025-09-07 00:18:54.520,16788224,E-3A,-288370.08413312,7469.1389637501,690792.67199868,6.011616975069,-0.019255982711911,-0.55728483200073,-288370.08413312,7469.1389637501,690792.67199868,112401.34
2025-09-07 00:18:54.822,16788224,E-3A,-288236.54569009,7462.8477658692,690758.35943139,6.0080599486828,-0.020292416214943,-0.55705314874649,-288236.54569009,7462.8477658692,690758.35943139,112533.68
2025-09-07 00:18:55.123,16788224,E-3A,-288105.80193578,7456.5664093089,690724.26373017,6.0046424865723,-0.021261688321829,-0.55682843923569,-288105.80193578,7456.5664093089,690724.26373017,112665.01
2025-09-07 00:18:55.422,16788224,E-3A,-287974.37816786,7450.1293665943,690689.49362418,6.0009398758411,-0.021762609481812,-0.55659437179565,-287974.37816786,7450.1293665943,690689.49362418,112797.04
2025-09-07 00:18:55.723,16788224,E-3A,-287843.15591439,7443.6014557942,690654.2667233,5.9964136779308,-0.020947132259607,-0.55636757612228,-287843.15591439,7443.6014557942,690654.2667233,112929.55
2025-09-07 00:18:56.025,16788224,E-3A,-287711.27560377,7437.0032733275,690618.30947353,5.9915822446346,-0.019604742527008,-0.55617374181747,-287711.27560377,7437.0032733275,690618.30947353,113063.48
2025-09-07 00:18:56.329,16788224,E-3A,-287576.99626462,7430.3204889321,690581.08090284,5.9861142635345,-0.017336223274469,-0.55597829818726,-287576.99626462,7430.3204889321,690581.08090284,113199.99
2025-09-07 00:18:56.636,16788224,E-3A,-287444.7280791,7423.8606239319,690543.74500005,5.9797433912754,-0.013493157923222,-0.55575388669968,-287444.7280791,7423.8606239319,690543.74500005,113336.41
2025-09-07 00:18:56.937,16788224,E-3A,-287310.55060367,7417.5702287235,690505.10631225,5.9719299376011,-0.0074561107903719,-0.55546736717224,-287310.55060367,7417.5702287235,690505.10631225,113473.79
2025-09-07 00:18:57.243,16788224,E-3A,-287177.58453204,7411.7649928387,690465.94876055,5.9647646248341,-0.002254256978631,-0.55540663003922,-287177.58453204,7411.7649928387,690465.94876055,113612.11
2025-09-07 00:18:57.543,16788224,E-3A,-287043.21923431,7406.4249033163,690425.44095118,5.9583068490028,0.0017335870070383,-0.5553542971611,-287043.21923431,7406.4249033163,690425.44095118,113751.07
2025-09-07 00:18:57.855,16788224,E-3A,-286910.55350036,7401.6795780663,690384.51516483,5.9526963531971,0.0044606700539589,-0.55528771877289,-286910.55350036,7401.6795780663,690384.51516483,113892.72
2025-09-07 00:18:58.166,16788224,E-3A,-286771.65440446,7397.2265202034,690340.70545378,5.946946978569,0.007039634976536,-0.55522817373276,-286771.65440446,7397.2265202034,690340.70545378,114038.61
2025-09-07 00:18:58.471,16788224,E-3A,-286636.22583961,7393.3547281911,690297.06799464,5.9407053589821,0.010655106045306,-0.55521219968796,-286636.22583961,7393.3547281911,690297.06799464,114182.44
2025-09-07 00:18:58.776,16788224,E-3A,-286500.75710048,7389.9616795682,690252.49515426,5.9344692528248,0.014293255284429,-0.55524665117264,-286500.75710048,7389.9616795682,690252.49515426,114327.05
2025-09-07 00:18:59.077,16788224,E-3A,-286366.58629617,7387.0792890447,690207.4343192,5.9290314018726,0.015747936442494,-0.56377482414246,-286366.58629617,7387.0792890447,690207.4343192,114470.79
2025-09-07 00:18:59.378,16788224,E-3A,-286233.71378784,7384.6170050214,690161.9425835,5.9235512912273,0.015687556937337,-0.59372198581696,-286233.71378784,7384.6170050214,690161.9425835,114614.91
2025-09-07 00:18:59.685,16788224,E-3A,-286099.04849992,7382.4078656403,690114.98186385,5.9179137647152,0.015635285526514,-0.6288970708847,-286099.04849992,7382.4078656403,690114.98186385,114762.08
2025-09-07 00:18:59.990,16788224,E-3A,-285965.68440505,7380.4209437295,690067.6364071,5.9129666984081,0.01574089564383,-0.64129787683487,-285965.68440505,7380.4209437295,690067.6364071,114909.60
2025-09-07 00:19:00.291,16788224,E-3A,-285830.53008358,7378.5474183102,690018.82447086,5.9079208076,0.01472173910588,-0.65311253070831,-285830.53008358,7378.5474183102,690018.82447086,115057.77
2025-09-07 00:19:00.597,16788224,E-3A,-285695.34627285,7376.7381768865,689969.19896135,5.9036065638065,0.013489805161953,-0.66569817066193,-285695.34627285,7376.7381768865,689969.19896135,115207.70
2025-09-07 00:19:00.898,16788224,E-3A,-285562.33340239,7374.9501058879,689919.62838652,5.8998284935951,0.012307693250477,-0.66830295324326,-285562.33340239,7374.9501058879,689919.62838652,115356.21
2025-09-07 00:19:01.203,16788224,E-3A,-285429.71597675,7373.1065641935,689869.51268929,5.8957950174809,0.010910355485976,-0.66864436864853,-285429.71597675,7373.1065641935,689869.51268929,115505.24
2025-09-07 00:19:01.504,16788224,E-3A,-285294.39357413,7371.1234499565,689817.69018919,5.8918177485466,0.0095876511186361,-0.66878819465637,-285294.39357413,7371.1234499565,689817.69018919,115657.59
2025-09-07 00:19:01.805,16788224,E-3A,-285161.67061114,7369.0525163038,689766.21174676,5.8880460262299,0.0083545902743936,-0.6686937212944,-285161.67061114,7369.0525163038,689766.21174676,115807.92
2025-09-07 00:19:02.110,16788224,E-3A,-285028.45062188,7366.8307355162,689713.90775363,5.8842532634735,0.0070882067084312,-0.66752856969833,-285028.45062188,7366.8307355162,689713.90775363,115960.79
2025-09-07 00:19:02.423,16788224,E-3A,-284890.74744248,7364.3720329435,689659.19053499,5.8807360827923,0.0061449646018445,-0.65238469839096,-284890.74744248,7364.3720329435,689659.19053499,116118.58
2025-09-07 00:19:02.729,16788224,E-3A,-284753.87018199,7361.7654362395,689604.1633069,5.8777434527874,0.0055575431324542,-0.61634463071823,-284753.87018199,7361.7654362395,689604.1633069,116275.01
2025-09-07 00:19:03.035,16788224,E-3A,-284618.25661016,7359.0353580949,689549.04856845,5.8753332197666,0.0052328421734273,-0.5640242099762,-284618.25661016,7359.0353580949,689549.04856845,116431.28
2025-09-07 00:19:03.346,16788224,E-3A,-284480.79271601,7356.1365930572,689492.62020701,5.8730185925961,0.0048244781792164,-0.51696634292603,-284480.79271601,7356.1365930572,689492.62020701,116590.49
2025-09-07 00:19:03.647,16788224,E-3A,-284345.01516155,7353.1584089075,689436.3695519,5.8707414567471,0.00450235651806,-0.48801776766777,-284345.01516155,7353.1584089075,689436.3695519,116747.20
2025-09-07 00:19:03.959,16788224,E-3A,-284208.69996948,7350.0662578763,689379.41130667,5.8682537972927,0.0040121856145561,-0.47417733073235,-284208.69996948,7350.0662578763,689379.41130667,116907.00
2025-09-07 00:19:04.266,16788224,E-3A,-284072.28842031,7346.875421282,689321.94396256,5.865557461977,0.0034125887323171,-0.4711429476738,-284072.28842031,7346.875421282,689321.94396256,117065.88
2025-09-07 00:19:04.568,16788224,E-3A,-283936.67181037,7343.6087449388,689264.35267631,5.8628440201283,0.0027681475039572,-0.47037583589554,-283936.67181037,7343.6087449388,689264.35267631,117224.31
2025-09-07 00:19:04.876,16788224,E-3A,-283801.40960825,7340.2558732912,689206.45936395,5.8601382374763,0.0020875721238554,-0.47012147307396,-283801.40960825,7340.2558732912,689206.45936395,117383.89
2025-09-07 00:19:05.181,16788224,E-3A,-283664.72457844,7336.7820970845,689147.49847173,5.856973618269,0.00054707383969799,-0.46995693445206,-283664.72457844,7336.7820970845,689147.49847173,117544.54
2025-09-07 00:19:05.481,16788224,E-3A,-283529.29115562,7333.2455639446,689088.62425923,5.8539162576199,-0.0005845949635841,-0.46702373027802,-283529.29115562,7333.2455639446,689088.62425923,117703.75
2025-09-07 00:19:05.787,16788224,E-3A,-283394.22155316,7329.6130911387,689029.46565261,5.8525553941727,-0.00028228759765625,-0.43425321578979,-283394.22155316,7329.6130911387,689029.46565261,117864.53
2025-09-07 00:19:06.093,16788224,E-3A,-283256.38573878,7325.8050929401,688968.6698781,5.8508145213127,-0.00023586304450873,-0.39812880754471,-283256.38573878,7325.8050929401,688968.6698781,118028.16
2025-09-07 00:19:06.303,16788224,E-3A,-283121.13134938,7322.0004571162,688908.61728975,5.8477026224136,-0.00044900178909302,-0.38734164834023,-283121.13134938,7322.0004571162,688908.61728975,118168.48
2025-09-07 00:19:06.607,16788224,E-3A,-283026.4454293,7319.3228814132,688866.34053792,5.8449934720993,0.001463838503696,-0.3812612593174,-283026.4454293,7319.3228814132,688866.34053792,118302.02
2025-09-07 00:19:06.910,16788224,E-3A,-282891.95844075,7315.6561728744,688805.90757802,5.838663905859,0.0079757226631045,-0.36351835727692,-282891.95844075,7315.6561728744,688805.90757802,118463.50
2025-09-07 00:19:07.215,16788224,E-3A,-282755.66962816,7312.4526264556,688744.10457287,5.8282340764999,0.014414958655834,-0.32453784346581,-282755.66962816,7312.4526264556,688744.10457287,118627.30
2025-09-07 00:19:07.520,16788224,E-3A,-282618.9135073,7309.701956341,688681.63811078,5.8050515651703,0.031932286918163,-0.20167125761509,-282618.9135073,7309.701956341,688681.63811078,118791.71
2025-09-07 00:19:07.830,16788224,E-3A,-282482.78978315,7307.6016463458,688618.58139461,5.8444759249687,0.057739853858948,-0.23395951092243,-282482.78978315,7307.6016463458,688618.58139461,118957.23
2025-09-07 00:19:08.041,16788224,E-3A,-282343.11948718,7306.8316256652,688553.45079018,5.8380458950996,0.070025995373726,-0.21716573834419,-282343.11948718,7306.8316256652,688553.45079018,119105.37
2025-09-07 00:19:08.348,16788224,E-3A,-282250.79404264,7307.251090286,688510.12045096,5.8264583647251,0.069414384663105,-0.23576624691486,-282250.79404264,7307.251090286,688510.12045096,119240.55
2025-09-07 00:19:08.652,16788224,E-3A,-282113.97207411,7309.1558869849,688445.41111495,5.808099925518,0.07051495462656,-0.25623664259911,-282113.97207411,7309.1558869849,688445.41111495,119406.89
2025-09-07 00:19:08.959,16788224,E-3A,-281980.06120214,7312.426195721,688381.32679913,5.8229213953018,0.071217007935047,-0.14782345294952,-281980.06120214,7312.426195721,688381.32679913,119572.05
2025-09-07 00:19:09.257,16788224,E-3A,-281845.37370378,7316.7836414187,688316.58044749,5.8500029444695,0.06957895308733,0.26696616411209,-281845.37370378,7316.7836414187,688316.58044749,119737.91
2025-09-07 00:19:09.563,16788224,E-3A,-281708.59912679,7321.909932956,688251.28899972,5.8405314385891,0.069016270339489,0.33597168326378,-281708.59912679,7321.909932956,688251.28899972,119905.59
2025-09-07 00:19:09.868,16788224,E-3A,-281574.20070301,7327.3036268842,688187.50357672,5.8429403603077,0.069849543273449,0.25858208537102,-281574.20070301,7327.3036268842,688187.50357672,120071.43
2025-09-07 00:19:10.176,16788224,E-3A,-281435.49507687,7333.1690379171,688122.00208339,5.847314029932,0.070263624191284,0.18487398326397,-281435.49507687,7333.1690379171,688122.00208339,120240.44
2025-09-07 00:19:10.486,16788224,E-3A,-281300.10530859,7339.1543829311,688058.35075749,5.84280616045,0.073197208344936,0.094471581280231,-281300.10530859,7339.1543829311,688058.35075749,120407.66
2025-09-07 00:19:10.787,16788224,E-3A,-281160.47308971,7345.6234884529,687992.84357572,5.840581536293,0.075303643941879,0.018378516659141,-281160.47308971,7345.6234884529,687992.84357572,120575.56
2025-09-07 00:19:11.088,16788224,E-3A,-281025.62430473,7352.1638592755,687929.60955481,5.8405916690826,0.076306693255901,-0.025640552863479,-281025.62430473,7352.1638592755,687929.60955481,120739.97
2025-09-07 00:19:11.394,16788224,E-3A,-280890.63803148,7358.9519498291,687866.30129846,5.8396710753441,0.076203756034374,-0.03505901247263,-280890.63803148,7358.9519498291,687866.30129846,120905.87
2025-09-07 00:19:11.697,16788224,E-3A,-280752.36701849,7366.0768685996,687801.41770297,5.8386887311935,0.076131731271744,-0.037969700992107,-280752.36701849,7366.0768685996,687801.41770297,121073.86
2025-09-07 00:19:12.004,16788224,E-3A,-280615.76722203,7373.2311731273,687737.2715479,5.8387730717659,0.07621257007122,-0.03894941881299,-280615.76722203,7373.2311731273,687737.2715479,121241.16
